keyword,volume,position,difficulty,cpc,url,main_intent,journey_stage,ai_overview,people_also_ask
celiakia,40500,20,63,0.28,genactiv.pl/blogs/poradnik/celiakia-co-to-jest-objawy-przyczyny,,,,tak
limfocyty,33100,19,71,0.38,genactiv.pl/pages/limfocyty,informational,tofu,tak,tak
mikrobiom,2900,18,59,2.75,genactiv.pl/blogs/poradnik/czym-jest-mikrobiom,informational,tofu,tak,tak
igh 1,2900,18,65,7.98,genactiv.pl/pages/igf-1-co-to-jest-i-jaka-funkcje-pelni-w-organizmie,informational,tofu,,tak
lizozym,1600,18,51,6.08,genactiv.pl/pages/lizozym,informational,tofu,,tak
lym,1600,20,68,0.54,genactiv.pl/pages/limfocyty,informational,tofu,tak,tak
co to są limfocyty,1600,18,55,4.78,genactiv.pl/pages/limfocyty,informational,tofu,tak,tak
somatotropina,1300,20,59,1.09,genactiv.pl/pages/hormony-wzrostu,informational,tofu,,tak
celiakia objawy u dorosłych,1300,18,38,0.09,genactiv.pl/blogs/poradnik/celiakia-co-to-jest-objawy-przyczyny,informational,tofu,tak,tak
problem z jelitami,1300,15,55,1.6,genactiv.pl/blogs/poradnik/choroby-jelit-jak-je-rozpoznac-i-jak-leczyc,informational,tofu,tak,tak
niska ferrytyna żelazo w normie,1000,20,40,1.39,genactiv.pl/blogs/poradnik/niskie-poziomy-ferrytyny-objawy-przyczyny-i-skutki-dla-zdrowia,informational,tofu,tak,tak
colostrum opinie forum,1000,12,31,0.42,genactiv.pl/pages/opinie-o-colostrum,informational,mofu,tak,tak
ph skóry,880,11,56,0.3,genactiv.pl/pages/ph-skory,informational,tofu,tak,tak
tryptofan działanie,880,20,48,0.08,genactiv.pl/pages/ltryptofan-i-tryptofan-wlasciwosci-niedobor-dawkowanie,informational,tofu,tak,tak
gh hormon wzrostu,880,18,37,0,genactiv.pl/pages/hormony-wzrostu,informational,tofu,,tak
biokatalizatory,880,19,34,0,genactiv.pl/pages/enzymy,informational,tofu,,tak
colostrum dla dzieci pan tabletka,880,14,25,0,genactiv.pl/collections/produkty-dla-dzieci,informational,mofu,,tak
colostrum właściwości,720,20,48,0.47,genactiv.pl/pages/co-to-jest-colostrum,informational,tofu,tak,tak
czego nie może jeść shih tzu,720,20,36,1.61,genactiv.pl/blogs/futrzakopedia/co-moze-jesc-pies-a-czego-nie-powinien-lista-produktow,informational,tofu,tak,tak
hormon wzrostu efekty,720,17,48,0,genactiv.pl/pages/hormony-wzrostu,informational,tofu,,tak
dlaczego kotek nie chce jeść,720,17,30,0.43,genactiv.pl/blogs/futrzakopedia/dlaczego-twoj-kot-nie-chce-jesc-przyczyny-skutki-i-sposoby-na-poprawe-apetytu,informational,tofu,tak,tak
czym karmić malutkiego kotka,590,18,40,2.86,genactiv.pl/blogs/futrzakopedia/czym-karmic-malego-kotka-jak-wyglada-prawidlowe-karmienie-kociat,informational,tofu,tak,tak
ferrytyna poniżej normy,590,11,44,0.19,genactiv.pl/blogs/poradnik/niskie-poziomy-ferrytyny-objawy-przyczyny-i-skutki-dla-zdrowia,informational,tofu,tak,tak
czym karmić kotka,590,11,55,1.76,genactiv.pl/blogs/futrzakopedia/czym-karmic-malego-kotka-jak-wyglada-prawidlowe-karmienie-kociat,informational,tofu,tak,tak
objawy bólu jelita grubego,480,15,48,1.49,genactiv.pl/blogs/poradnik/choroby-jelit-jak-je-rozpoznac-i-jak-leczyc,informational,tofu,tak,tak
czy kazeina jest szkodliwa,480,19,22,0,genactiv.pl/pages/kazeina,informational,tofu,tak,tak
somatomedyny,480,20,41,0,genactiv.pl/pages/igf-1-co-to-jest-i-jaka-funkcje-pelni-w-organizmie,informational,tofu,tak,tak
czy aminokwasy to białka,390,20,46,0,genactiv.pl/pages/aminokwasy,informational,tofu,tak,tak
ludzkie leki na stawy dla psa,390,15,41,0.51,genactiv.pl/blogs/futrzakopedia/czy-mozna-stosowac-bez-przerw-suplementy-na-stawy-u-psow,informational,tofu,tak,tak
chore jelita objawy skórne,390,18,29,0,genactiv.pl/blogs/poradnik/choroby-jelit-jak-je-rozpoznac-i-jak-leczyc,informational,tofu,tak,tak
limfocyty lymph,390,18,51,2.23,genactiv.pl/pages/limfocyty,informational,tofu,tak,tak
czynnik wzrostu,390,12,41,0.19,genactiv.pl/pages/egf-naskorkowy-czynnik-wzrostu,informational,tofu,tak,tak
czym karmic małego kota,390,16,51,1.95,genactiv.pl/blogs/futrzakopedia/czym-karmic-malego-kotka-jak-wyglada-prawidlowe-karmienie-kociat,informational,tofu,tak,tak
leukocyty skrót,390,12,42,0,genactiv.pl/pages/leukocyty-czym-sa-jakie-sa-objawy-niedoboru-i-nadmiaru,informational,tofu,tak,tak
laktoferyna działanie,390,17,32,0.34,genactiv.pl/pages/laktoferyna,informational,tofu,tak,tak
leki na biegunkę dla kota,390,20,26,0.65,genactiv.pl/blogs/futrzakopedia/biegunka-u-kota-po-antybiotykach,informational,tofu,,tak
colostrum przed czy po jedzeniu,320,11,20,0,genactiv.pl/blogs/poradnik/colostrum-jak-dziala-jak-dlugo-stosowac,informational,tofu,tak,tak
przeciwciała igg igm,320,18,46,0,genactiv.pl/pages/immunoglobuliny-m-i-g,informational,tofu,,tak
colostrum maść,320,15,31,0.81,genactiv.pl/products/krem-z-colostrum-genactiv,informational,tofu,,tak
tryptofan dawkowanie,320,14,44,0.31,genactiv.pl/pages/ltryptofan-i-tryptofan-wlasciwosci-niedobor-dawkowanie,informational,tofu,,tak
zapalenie jelit przyczyny,320,17,47,0.2,genactiv.pl/pages/zapalenie-jelit-przyczyny-objawy-leczenie,informational,tofu,tak,tak
tabletki na stawy dla psa seniora,320,11,40,3.86,genactiv.pl/blogs/futrzakopedia/suplementy-dla-psa-seniora,informational,mofu,,tak
jak karmić małego kota bez matki,320,12,36,1.57,genactiv.pl/blogs/futrzakopedia/czym-karmic-malego-kotka-jak-wyglada-prawidlowe-karmienie-kociat,informational,tofu,tak,tak
napój z mleka klaczy,320,12,26,0,genactiv.pl/pages/co-to-jest-mleko-klaczy,informational,tofu,,tak
ferrytyna norma ng ml,320,16,0,0.03,genactiv.pl/blogs/poradnik/ferrytyna-u-dzieci-jak-zadbac-o-odpowiedni-poziom-ferrytyny-u-najmlodszych,informational,tofu,tak,tak
gh hormon,260,17,53,0.77,genactiv.pl/pages/hormony-wzrostu,informational,tofu,,tak
czy pies może jeść daktyle,260,12,23,0,genactiv.pl/blogs/futrzakopedia/co-moze-jesc-pies-a-czego-nie-powinien-lista-produktow,informational,tofu,tak,tak
immunoglobuliny igg,260,18,56,3.23,genactiv.pl/pages/immunoglobuliny-m-i-g,informational,tofu,tak,tak
brązowe plamy na skórze głowy,260,16,37,0,genactiv.pl/blogs/poradnik/najczestsze-problemy-skory-glowy-dziecka-sprawdz-jak-sobie-radzic-z-ciemieniucha-i-podrazniona-skora-glowy,informational,tofu,tak,tak
l tryptofan co to jest,260,11,40,0.32,genactiv.pl/pages/ltryptofan-i-tryptofan-wlasciwosci-niedobor-dawkowanie,informational,tofu,tak,tak
biegunka u kota przyczyny,260,12,34,0.31,genactiv.pl/blogs/futrzakopedia/biegunka-u-kota-po-antybiotykach,informational,tofu,tak,tak
l tryptofan dawkowanie,260,12,41,0.21,genactiv.pl/pages/ltryptofan-i-tryptofan-wlasciwosci-niedobor-dawkowanie,informational,tofu,,tak
chore jelita a wypadanie włosów,260,19,24,1.36,genactiv.pl/blogs/poradnik/co-ma-wspolnego-kimchi-z-naszymi-wlosami-sprawdz-jak-duza-role-w-poroscie-wlosow-odgrywaja-jelita,informational,tofu,tak,tak
l tryptophan co to jest,260,20,46,0.08,genactiv.pl/pages/ltryptofan-i-tryptofan-wlasciwosci-niedobor-dawkowanie,informational,tofu,tak,tak
czy pies może jeść sałatę,260,13,26,0.75,genactiv.pl/blogs/futrzakopedia/co-moze-jesc-pies-a-czego-nie-powinien-lista-produktow,informational,tofu,tak,tak
czy pies może jeść makowiec,260,16,18,0,genactiv.pl/blogs/futrzakopedia/co-moze-jesc-pies-a-czego-nie-powinien-lista-produktow,informational,tofu,tak,tak
co na problemy z jelitami,210,14,36,1.09,genactiv.pl/blogs/poradnik/choroby-jelit-jak-je-rozpoznac-i-jak-leczyc,informational,tofu,tak,tak
jak karmic małego kotka,210,11,57,1.77,genactiv.pl/blogs/futrzakopedia/czym-karmic-malego-kotka-jak-wyglada-prawidlowe-karmienie-kociat,informational,tofu,tak,tak
czy pies może jeść,210,20,37,0,genactiv.pl/blogs/futrzakopedia/co-moze-jesc-pies-a-czego-nie-powinien-lista-produktow,informational,tofu,,tak
celiakia wysypka,210,12,41,0,genactiv.pl/blogs/poradnik/celiakia-co-to-jest-objawy-przyczyny,informational,tofu,,tak
białka enzymatyczne,210,18,46,0,genactiv.pl/pages/enzymy,informational,tofu,tak,tak
cierpi na przewlekłą chorobę jelit,210,11,39,0,genactiv.pl/blogs/poradnik/choroby-jelit-jak-je-rozpoznac-i-jak-leczyc,informational,tofu,,tak
tryptophan dawkowanie,210,15,46,0.23,genactiv.pl/pages/ltryptofan-i-tryptofan-wlasciwosci-niedobor-dawkowanie,informational,tofu,,tak
jakie są objawy celiakii,170,20,35,0.24,genactiv.pl/blogs/poradnik/celiakia-co-to-jest-objawy-przyczyny,informational,tofu,tak,tak
tryptophan co to jest,170,11,39,0.34,genactiv.pl/pages/ltryptofan-i-tryptofan-wlasciwosci-niedobor-dawkowanie,informational,tofu,tak,tak
ferrytyna 20,170,14,46,0,genactiv.pl/blogs/poradnik/ferrytyna-u-dzieci-jak-zadbac-o-odpowiedni-poziom-ferrytyny-u-najmlodszych,informational,tofu,tak,tak
colostrum przeciwwskazania,170,17,39,0.47,genactiv.pl/blogs/poradnik/colostrum-jak-dziala-jak-dlugo-stosowac,informational,mofu,tak,tak
laktoferyna jelita,170,20,31,0.58,genactiv.pl/pages/laktoferyna,informational,tofu,tak,tak
czy pies może jeść naleśniki,170,13,21,0,genactiv.pl/blogs/futrzakopedia/co-moze-jesc-pies-a-czego-nie-powinien-lista-produktow,informational,tofu,tak,tak
jak działa hormon wzrostu,170,11,41,0,genactiv.pl/pages/hormony-wzrostu,informational,tofu,,tak
aminokwasy ketogenne,170,20,37,0,genactiv.pl/pages/aminokwasy,informational,tofu,tak,tak
białko egzogenne,170,20,47,1.79,genactiv.pl/pages/aminokwasy,informational,tofu,,tak
komórki limfoidalne,170,16,45,0,genactiv.pl/pages/limfocyty,informational,tofu,tak,tak
ostre zapalenie jelit,170,11,46,0.28,genactiv.pl/pages/zapalenie-jelit-przyczyny-objawy-leczenie,informational,tofu,tak,tak
bolące jelita objawy,170,13,58,1.48,genactiv.pl/blogs/poradnik/choroby-jelit-jak-je-rozpoznac-i-jak-leczyc,informational,tofu,tak,tak
immunomodulacja,170,19,32,0,genactiv.pl/pages/immunomodulatory,informational,tofu,tak,tak
bakteryjne zapalenie jelita cienkiego objawy,170,19,39,0.34,genactiv.pl/blogs/poradnik/sibo-zespol-rozrostu-bakteryjnego-jelita-cienkiego-objawy-leczenie-przyczyny,informational,tofu,tak,tak
biegunka u szczeniaka forum,170,15,17,0.21,genactiv.pl/blogs/futrzakopedia/biegunka-u-szczeniat-jak-sobie-z-nia-radzic,informational,tofu,tak,tak
igf 1 nowotwory,170,17,30,0,genactiv.pl/pages/igf-1-co-to-jest-i-jaka-funkcje-pelni-w-organizmie,informational,tofu,tak,tak
l tryptophan dawkowanie,170,14,0,0.22,genactiv.pl/pages/ltryptofan-i-tryptofan-wlasciwosci-niedobor-dawkowanie,informational,tofu,,tak
jakie żelazo na włosy,140,15,38,1.78,genactiv.pl/blogs/poradnik/wypadanie-wlosow-a-niski-poziom-ferrytyny,informational,tofu,,tak
działanie enzymów,140,19,46,0,genactiv.pl/pages/enzymy,informational,tofu,tak,tak
colostrum liquid,140,17,40,0.82,genactiv.pl/collections/colostrum-w-plynie,transactional,mofu,,tak
co to oznacza mieszana flora bakteryjna,140,20,21,0,genactiv.pl/pages/flora-bakteryjna,informational,tofu,tak,tak
owłosione dziecko,140,17,46,0,genactiv.pl/blogs/poradnik/najczestsze-problemy-skory-glowy-dziecka-sprawdz-jak-sobie-radzic-z-ciemieniucha-i-podrazniona-skora-glowy,informational,tofu,tak,tak
colostrum ceneo,140,19,27,1.09,genactiv.pl/pages/opinie-o-colostrum,,,,tak
rzadka choroba jelit,140,14,38,0.27,genactiv.pl/blogs/poradnik/choroby-jelit-jak-je-rozpoznac-i-jak-leczyc,informational,tofu,tak,tak
żelazo a wypadanie włosów,140,14,34,1.01,genactiv.pl/blogs/poradnik/wypadanie-wlosow-a-niski-poziom-ferrytyny,informational,tofu,tak,tak
laktoferyna a ferrytyna,140,18,22,0,genactiv.pl/pages/laktoferyna,informational,mofu,,tak
podróż z kotem,140,12,44,0.18,genactiv.pl/blogs/futrzakopedia/czy-podrozowanie-z-kotem-jest-mozliwe,informational,tofu,tak,tak
jak karmić małego kota,140,14,47,1.92,genactiv.pl/blogs/futrzakopedia/czym-karmic-malego-kotka-jak-wyglada-prawidlowe-karmienie-kociat,informational,tofu,tak,tak
colostrum alpha,140,17,32,2.26,genactiv.pl/collections/colostrum,informational,mofu,,tak
sucha skóra głowy u niemowlaka,140,14,44,0.56,genactiv.pl/blogs/poradnik/najczestsze-problemy-skory-glowy-dziecka-sprawdz-jak-sobie-radzic-z-ciemieniucha-i-podrazniona-skora-glowy,informational,tofu,tak,tak
co na biegunkę u szczeniaka,140,17,35,0.16,genactiv.pl/blogs/futrzakopedia/biegunka-u-szczeniat-jak-sobie-z-nia-radzic,informational,tofu,tak,tak
czarny bez dla dziecka,140,13,53,0,genactiv.pl/collections/colostrum-junior-czarny-bez-genactiv,informational,tofu,,tak
objawy chorych jelit forum,140,14,32,0.22,genactiv.pl/blogs/poradnik/choroby-jelit-jak-je-rozpoznac-i-jak-leczyc,informational,tofu,tak,tak
koty w samochodzie,140,13,48,0,genactiv.pl/blogs/futrzakopedia/kot-a-jazda-autem-jak-przyzwyczaic-kota-do-podrozy-samochodem,informational,tofu,tak,tak
k59 kod choroby,140,17,22,0,genactiv.pl/blogs/poradnik/choroby-jelit-jak-je-rozpoznac-i-jak-leczyc,informational,tofu,tak,tak
podział enzymów,140,12,41,0,genactiv.pl/pages/enzymy,informational,tofu,tak,tak
germivir producent,140,18,30,0.42,genactiv.pl/,informational,mofu,,tak
limfocyty za co odpowiadają,110,20,39,0,genactiv.pl/pages/limfocyty,informational,tofu,,tak
aminokwasy egzogenne przykłady,110,19,39,0,genactiv.pl/pages/aminokwasy,informational,tofu,tak,tak
witaminy dla psa seniora ranking,110,13,24,3.49,genactiv.pl/blogs/futrzakopedia/suplementy-dla-psa-seniora,informational,tofu,,tak
czy pies może jeść śmietanę,110,19,20,0,genactiv.pl/blogs/futrzakopedia/co-moze-jesc-pies-a-czego-nie-powinien-lista-produktow,informational,tofu,tak,tak
witamina b2 źródła,110,15,45,0,genactiv.pl/pages/witamina-b2-ryboflawina,informational,tofu,tak,tak
mikrobiom a mikrobiota,110,11,31,0,genactiv.pl/blogs/poradnik/czym-jest-mikrobiom,informational,tofu,tak,tak
zanik kosmków jelitowych objawy,110,13,32,0,genactiv.pl/blogs/poradnik/celiakia-co-to-jest-objawy-przyczyny,informational,tofu,tak,tak
woda z cukrem dla psa,110,13,33,0,genactiv.pl/blogs/futrzakopedia/dieta-psa-w-letnie-upaly-jak-karmic-psa-w-czasie-goracych-dni,informational,tofu,tak,tak
co to jest lym w badaniu krwi,110,19,30,0,genactiv.pl/pages/limfocyty,informational,tofu,tak,tak
co na łupież u dzieci,110,13,53,1.56,genactiv.pl/blogs/poradnik/wiesz-ze-sa-dwa-rodzaje-lupiezu-sprawdz-ktory-ma-twoje-dziecko-i-dobierz-pielegnacje,informational,tofu,tak,tak
tęsknota psa za właścicielem objawy,110,14,20,0,genactiv.pl/blogs/futrzakopedia/czy-kot-teskni-za-wlascicielem-jakie-sa-tego-objawy,informational,tofu,tak,tak
zapalenie jelit u dziecka objawy,110,18,35,0,genactiv.pl/pages/zapalenie-jelit-przyczyny-objawy-leczenie,informational,tofu,,tak
jakie przyprawy dla psa,110,17,30,0.64,genactiv.pl/blogs/futrzakopedia/co-moze-jesc-pies-a-czego-nie-powinien-lista-produktow,informational,tofu,tak,tak
czy pies może jeść koperek,110,16,22,0,genactiv.pl/blogs/futrzakopedia/co-moze-jesc-pies-a-czego-nie-powinien-lista-produktow,informational,tofu,tak,tak
czy pies może jeść sól,110,19,24,0,genactiv.pl/blogs/futrzakopedia/co-moze-jesc-pies-a-czego-nie-powinien-lista-produktow,informational,tofu,tak,tak
igm co to jest,110,11,43,0,genactiv.pl/pages/immunoglobuliny-m-i-g,informational,tofu,tak,tak
choroby skóry głowy u dzieci zdjęcia,110,20,37,0,genactiv.pl/blogs/poradnik/najczestsze-problemy-skory-glowy-dziecka-sprawdz-jak-sobie-radzic-z-ciemieniucha-i-podrazniona-skora-glowy,informational,tofu,,tak
jak przewozić kota w samochodzie,110,19,27,0.49,genactiv.pl/blogs/futrzakopedia/kot-a-jazda-autem-jak-przyzwyczaic-kota-do-podrozy-samochodem,informational,tofu,tak,tak
flora fizjologiczna górnych dróg oddechowych,110,18,23,0,genactiv.pl/pages/flora-bakteryjna,informational,tofu,tak,tak
zakażenie jelitowe,110,18,53,0.29,genactiv.pl/blogs/poradnik/choroby-jelit-jak-je-rozpoznac-i-jak-leczyc,informational,tofu,,tak
domowe sposoby na wzmocnienie psa,110,16,22,0,genactiv.pl/blogs/futrzakopedia/jak-podniesc-odpornosc-u-psa-w-okresie-jesienno-zimowym,informational,tofu,tak,tak
dysbioza jelitowa co jeść,110,20,28,0.39,genactiv.pl/blogs/poradnik/jak-dysbioza-jelitowa-wplywa-na-caly-organizm,informational,tofu,tak,tak
biegunka u kota co podawac,110,13,31,0.58,genactiv.pl/blogs/futrzakopedia/biegunka-u-kota-po-antybiotykach,informational,tofu,,tak
nawracająca biegunka u kota,110,12,27,0.5,genactiv.pl/blogs/futrzakopedia/biegunka-u-kota-po-antybiotykach,informational,tofu,tak,tak
limfopoeza,110,20,29,0,genactiv.pl/pages/limfocyty,informational,tofu,tak,tak
co to jest celiakia jej objawy i leczenie,110,14,27,0.03,genactiv.pl/blogs/poradnik/celiakia-co-to-jest-objawy-przyczyny,informational,tofu,tak,tak
choroby jelit a zmiany skórne na co zwracać uwagę,110,18,23,0,genactiv.pl/blogs/poradnik/choroby-jelit-jak-je-rozpoznac-i-jak-leczyc,informational,tofu,tak,tak
podróżowanie z kotem,90,14,32,0.82,genactiv.pl/blogs/futrzakopedia/czy-podrozowanie-z-kotem-jest-mozliwe,informational,tofu,tak,tak
colostrum genactiv ceneo,90,13,24,1.23,genactiv.pl/pages/opinie-o-colostrum,,,,tak
siara mleka krowiego,90,13,44,1.1,genactiv.pl/collections/odpornosc,informational,tofu,tak,tak
jak odstresować kota,90,11,31,1.47,genactiv.pl/blogs/futrzakopedia/kot-i-goscie-6-zasad-ktore-pomoga-zmniejszyc-koci-stres,informational,tofu,tak,tak
lym limfocyty,90,11,46,0,genactiv.pl/pages/limfocyty,informational,tofu,tak,tak
kotek w nowym domu,90,17,45,1.45,genactiv.pl/blogs/futrzakopedia/kot-w-nowym-domu-jak-dlugo-trwa-proces-aklimatyzacji,informational,tofu,tak,tak
laktoferyna a żelazo,90,14,26,0.19,genactiv.pl/pages/laktoferyna,informational,tofu,tak,tak
jakie mleko dla małego kotka,90,12,29,0,genactiv.pl/blogs/futrzakopedia/czym-karmic-malego-kotka-jak-wyglada-prawidlowe-karmienie-kociat,informational,tofu,tak,tak
preparat na stawy dla psa forum,90,18,24,1.18,genactiv.pl/blogs/futrzakopedia/czy-mozna-stosowac-bez-przerw-suplementy-na-stawy-u-psow,informational,mofu,tak,tak
por dla psa,90,16,46,4.77,genactiv.pl/blogs/futrzakopedia/co-moze-jesc-pies-a-czego-nie-powinien-lista-produktow,informational,tofu,,tak
uczulenie na kurczaka,90,14,31,0,genactiv.pl/blogs/futrzakopedia/alergie-pokarmowe-u-psow-i-kotow-krore-miesa-sa-najbardziej-uczulajace,informational,tofu,tak,tak
dzienna dawka błonnika,90,18,34,0,genactiv.pl/blogs/poradnik/ile-blonnika-dziennie-dawka-i-adaptacja,informational,tofu,tak,tak
mieszanie karmy suchej i mokrej,90,19,25,2.4,genactiv.pl/blogs/futrzakopedia/czy-laczenie-karmy-mokrej-i-suchej-jest-zdrowe-dla-psa,informational,tofu,tak,tak
ile razy dziennie je pies,90,20,40,0.29,genactiv.pl/blogs/futrzakopedia/ile-razy-dziennie-karmic-psa-jak-czesto-powinien-jesc-pies,informational,tofu,tak,tak
imbir dla psa,90,15,27,0,genactiv.pl/blogs/futrzakopedia/co-moze-jesc-pies-a-czego-nie-powinien-lista-produktow,informational,tofu,tak,tak
choroby zapalne jelit objawy,90,19,41,0.33,genactiv.pl/pages/zapalenie-jelit-przyczyny-objawy-leczenie,informational,tofu,,tak
colostrum zięba,90,19,24,0.39,genactiv.pl/collections/colostrum,transactional,bofu,,tak
prawidłowy poziom ferrytyny,90,18,41,0.04,genactiv.pl/blogs/poradnik/ferrytyna-u-dzieci-jak-zadbac-o-odpowiedni-poziom-ferrytyny-u-najmlodszych,informational,tofu,tak,tak
enzym inaczej,90,18,40,0,genactiv.pl/pages/enzymy,informational,tofu,tak,tak
białka endogenne,90,12,40,0,genactiv.pl/pages/aminokwasy,informational,tofu,tak,tak
tabletki na stawy dla psa seniora forum,90,17,27,3.97,genactiv.pl/blogs/futrzakopedia/czy-mozna-stosowac-bez-przerw-suplementy-na-stawy-u-psow,informational,tofu,,tak
sibo siarkowodorowe objawy,90,15,29,0.03,genactiv.pl/pages/sibo,informational,tofu,tak,tak
nietolerancja kazeiny u dorosłych,90,15,29,0,genactiv.pl/pages/kazeina,informational,tofu,tak,tak
igf 1 zakres referencyjny,90,18,0,0,genactiv.pl/pages/igf-1-co-to-jest-i-jaka-funkcje-pelni-w-organizmie,informational,tofu,tak,tak
białe krwinki nazwa,90,17,43,0,genactiv.pl/pages/leukocyty-czym-sa-jakie-sa-objawy-niedoboru-i-nadmiaru,informational,tofu,tak,tak
colostrum krowie,70,18,37,1.14,genactiv.pl/pages/co-to-jest-colostrum,informational,tofu,,tak
limfocyty oznaczenie,70,11,45,0,genactiv.pl/pages/limfocyty,informational,tofu,,tak
colostrum na co działa,70,18,39,0.54,genactiv.pl/blogs/poradnik/colostrum-jak-dziala-jak-dlugo-stosowac,informational,tofu,,tak
maine coon alergia,70,19,33,0,genactiv.pl/blogs/futrzakopedia/alergie-pokarmowe-u-psow-i-kotow-krore-miesa-sa-najbardziej-uczulajace,informational,tofu,tak,tak
czy pies może jeść imbir,70,16,18,0,genactiv.pl/blogs/futrzakopedia/co-moze-jesc-pies-a-czego-nie-powinien-lista-produktow,informational,tofu,tak,tak
kazeina w jakich produktach,70,15,20,0,genactiv.pl/pages/kazeina,informational,tofu,tak,tak
bakterie w jelicie grubym objawy,70,17,36,0,genactiv.pl/pages/sibo,informational,tofu,tak,tak
co to są aminokwasy egzogenne,70,20,35,0,genactiv.pl/pages/aminokwasy,informational,tofu,tak,tak
karmienie malego kota,70,11,48,1.71,genactiv.pl/blogs/futrzakopedia/czym-karmic-malego-kotka-jak-wyglada-prawidlowe-karmienie-kociat,informational,tofu,tak,tak
na biegunke dla kota,70,14,41,0.29,genactiv.pl/blogs/futrzakopedia/biegunka-u-kota-po-antybiotykach,informational,tofu,,tak
sianowate włosy u dziecka,70,19,20,0,genactiv.pl/blogs/poradnik/najczestsze-problemy-skory-glowy-dziecka-sprawdz-jak-sobie-radzic-z-ciemieniucha-i-podrazniona-skora-glowy,informational,tofu,tak,tak
przeciwciała w klasie igg,70,15,39,1.31,genactiv.pl/pages/immunoglobuliny-m-i-g,informational,tofu,,tak
uczulenie na kurczaka objawy,70,14,25,0,genactiv.pl/blogs/futrzakopedia/alergie-pokarmowe-u-psow-i-kotow-krore-miesa-sa-najbardziej-uczulajace,informational,tofu,tak,tak
laktoferyna zastosowanie,70,20,40,0,genactiv.pl/pages/laktoferyna,informational,tofu,tak,tak
przewlekła biegunka u kota,70,12,29,0.22,genactiv.pl/blogs/futrzakopedia/biegunka-u-kota-po-antybiotykach,informational,tofu,tak,tak
jak wygląda siara,70,14,43,0,genactiv.pl/pages/siara,informational,tofu,tak,tak
ile powinien jeść dorosły pies,70,17,48,2.01,genactiv.pl/blogs/futrzakopedia/ile-razy-dziennie-karmic-psa-jak-czesto-powinien-jesc-pies,informational,tofu,tak,tak
colostrum dla dzieci forum,70,12,22,0,genactiv.pl/pages/opinie-o-colostrum,informational,tofu,tak,tak
colostrum bydlęce,70,14,38,1.19,genactiv.pl/collections/odpornosc,informational,tofu,tak,tak
ile razy dziennie karmić 6 miesięcznego psa,70,18,25,1.63,genactiv.pl/blogs/futrzakopedia/ile-razy-dziennie-karmic-psa-jak-czesto-powinien-jesc-pies,informational,tofu,tak,tak
serotonina jelita,70,16,43,0,genactiv.pl/blogs/poradnik/w-jaki-sposob-jelita-wplywaja-na-nastroj-i-poziomy-energii,informational,tofu,tak,tak
co oznacza lym w badaniu krwi,70,20,28,0,genactiv.pl/pages/limfocyty,informational,tofu,tak,tak
kazeina w mleku,70,20,38,0,genactiv.pl/pages/kazeina,informational,tofu,tak,tak
wakacje z kotem,70,19,31,0,genactiv.pl/blogs/futrzakopedia/kot-na-wakacjach-jak-zorganizowac-urlop-z-kotem,informational,tofu,tak,tak
żółty łupież u dziecka,70,11,34,0,genactiv.pl/blogs/poradnik/wiesz-ze-sa-dwa-rodzaje-lupiezu-sprawdz-ktory-ma-twoje-dziecko-i-dobierz-pielegnacje,informational,tofu,tak,tak
syrop z czarnym bzem dla dzieci,70,14,15,0,genactiv.pl/collections/colostrum-junior-czarny-bez-genactiv,informational,tofu,,tak
witaminy na jelita,70,11,48,1,genactiv.pl/collections/zdrowe-jelita,informational,tofu,,tak
immunoglobulina klasy g,70,19,43,0,genactiv.pl/pages/immunoglobuliny-m-i-g,informational,tofu,tak,tak
colostrum podkowa,70,12,29,0,genactiv.pl/collections/odpornosc,transactional,bofu,,tak
niska ferrytyna forum,70,15,21,0,genactiv.pl/blogs/poradnik/ferrytyna-a-zmeczenie-czy-niski-poziom-ferrytyny-moze-byc-przyczyna-chronicznego-zmeczenia,informational,tofu,tak,tak
tryptofan wikipedia,70,12,32,0,genactiv.pl/pages/ltryptofan-i-tryptofan-wlasciwosci-niedobor-dawkowanie,informational,tofu,,tak
mleko dla małego kota,70,17,29,2.85,genactiv.pl/blogs/futrzakopedia/czym-karmic-malego-kotka-jak-wyglada-prawidlowe-karmienie-kociat,informational,tofu,,tak
co oznacza flora fizjologiczna gardła,70,18,22,0,genactiv.pl/pages/flora-bakteryjna,informational,tofu,tak,tak
wlosy na nogach u dzieci,70,19,36,0,genactiv.pl/blogs/poradnik/najczestsze-problemy-skory-glowy-dziecka-sprawdz-jak-sobie-radzic-z-ciemieniucha-i-podrazniona-skora-glowy,informational,tofu,,tak
problemy z układem pokarmowym,70,13,35,0,genactiv.pl/blogs/poradnik/choroby-jelit-jak-je-rozpoznac-i-jak-leczyc,informational,tofu,tak,tak
daktyle dla psa,70,13,25,0,genactiv.pl/blogs/futrzakopedia/co-moze-jesc-pies-a-czego-nie-powinien-lista-produktow,informational,tofu,,tak
kazeina białko,70,17,36,0.44,genactiv.pl/pages/kazeina,informational,tofu,tak,tak
czy po antybiotyku moze byc biegunka,70,18,34,0,genactiv.pl/blogs/futrzakopedia/biegunka-u-kota-po-antybiotykach,informational,tofu,tak,tak
colostrum ranking,70,12,41,3.31,genactiv.pl/collections/best-selling-collection,informational,mofu,,tak
komórki limfoidalne co to jest,70,17,17,0,genactiv.pl/pages/limfocyty,informational,tofu,tak,tak
ferrytyna 7,70,12,46,0.16,genactiv.pl/blogs/poradnik/ferrytyna-u-dzieci-jak-zadbac-o-odpowiedni-poziom-ferrytyny-u-najmlodszych,informational,tofu,tak,tak
ile razy dziennie pies robi kupy,70,19,23,0,genactiv.pl/blogs/futrzakopedia/ile-razy-dziennie-karmic-psa-jak-czesto-powinien-jesc-pies,informational,tofu,tak,tak
gdzie powstają limfocyty,70,11,43,0,genactiv.pl/pages/limfocyty,informational,tofu,tak,tak
czy pies może jeść por,70,16,32,0,genactiv.pl/blogs/futrzakopedia/co-moze-jesc-pies-a-czego-nie-powinien-lista-produktow,informational,tofu,tak,tak
czym karmić kota z nadczynnością tarczycy,70,13,13,1.71,genactiv.pl/blogs/futrzakopedia/suplementacja-psa-i-kota-przy-chorej-tarczycy,informational,tofu,tak,tak
brak zelaza a wlosy,70,13,24,0.52,genactiv.pl/blogs/poradnik/wypadanie-wlosow-a-niski-poziom-ferrytyny,informational,tofu,tak,tak
jak spłukiwać dziecku głowę,70,12,25,0,genactiv.pl/blogs/poradnik/jak-myc-skore-glowy-i-wlosy-dziecku-najczestsze-bledy-i-polecane-sposoby-okiem-trychologa,informational,tofu,,tak
colostrum genactiv allegro,70,19,19,0.39,genactiv.pl/collections/colostrum,,,,tak
kuracja colostrum,70,13,39,0.14,genactiv.pl/pages/co-to-jest-colostrum,informational,tofu,tak,tak
prebiotyk arabinogalaktan z laktoferyną,70,17,20,0.24,genactiv.pl/products/fiberbiom-pure-proszek-60-g,informational,tofu,,tak
inne choroby jelit k63,70,20,20,0,genactiv.pl/blogs/poradnik/choroby-jelit-jak-je-rozpoznac-i-jak-leczyc,informational,tofu,tak,tak
białka enzymatyczne przykłady,70,11,38,0,genactiv.pl/pages/enzymy,informational,tofu,tak,tak
germivir dla dzieci,70,20,35,0.37,genactiv.pl/collections/zdrowe-dziecko,informational,tofu,,tak
odczyn po zastrzyku u kota,70,14,14,0,genactiv.pl/blogs/futrzakopedia/biegunka-u-kota-po-szczepieniu,informational,tofu,tak,tak
czy pies może jeść pasztet,70,19,18,0,genactiv.pl/blogs/futrzakopedia/co-moze-jesc-pies-a-czego-nie-powinien-lista-produktow,informational,tofu,tak,tak
co na biegunkę dla kota,70,19,36,0,genactiv.pl/blogs/futrzakopedia/biegunka-u-kota-po-antybiotykach,informational,tofu,,tak
co na stawy dla psa seniora,70,19,37,3.84,genactiv.pl/blogs/futrzakopedia/suplementy-dla-psa-seniora,informational,tofu,,tak
sibo nietypowe objawy,70,20,29,0,genactiv.pl/pages/sibo,informational,tofu,tak,tak
choroba trzewna inaczej,70,14,35,0,genactiv.pl/blogs/poradnik/celiakia-co-to-jest-objawy-przyczyny,informational,tofu,tak,tak
czy pies może jeść galaretkę,70,17,18,0,genactiv.pl/blogs/futrzakopedia/co-moze-jesc-pies-a-czego-nie-powinien-lista-produktow,informational,tofu,tak,tak
witaminy dla starszych psów,50,16,35,1.91,genactiv.pl/blogs/futrzakopedia/suplementy-dla-psa-seniora,informational,tofu,,tak
dlaczego mały kotek nie chce jeść,50,11,16,0,genactiv.pl/blogs/futrzakopedia/dlaczego-twoj-kot-nie-chce-jesc-przyczyny-skutki-i-sposoby-na-poprawe-apetytu,informational,tofu,tak,tak
czego nie powinny jeść psy,50,12,34,0.05,genactiv.pl/blogs/futrzakopedia/co-moze-jesc-pies-a-czego-nie-powinien-lista-produktow,informational,tofu,tak,tak
mały kotek nie chce jeść,50,14,27,0,genactiv.pl/blogs/futrzakopedia/dlaczego-twoj-kot-nie-chce-jesc-przyczyny-skutki-i-sposoby-na-poprawe-apetytu,informational,tofu,,tak
nietolerancja pokarmowa u kota,50,12,23,0,genactiv.pl/blogs/futrzakopedia/alergie-pokarmowe-u-psow-i-kotow-krore-miesa-sa-najbardziej-uczulajace,informational,tofu,tak,tak
enzymy amylolityczne,50,11,29,0,genactiv.pl/pages/enzymy,informational,tofu,tak,tak
celiakia nabyta,50,11,38,0.22,genactiv.pl/blogs/poradnik/celiakia-co-to-jest-objawy-przyczyny,informational,tofu,tak,tak
colostrum lr w płynie,50,20,19,0.24,genactiv.pl/collections/colostrum-w-plynie,informational,mofu,,tak
colostrum zastosowanie,50,12,43,0.39,genactiv.pl/pages/co-to-jest-colostrum,informational,tofu,tak,tak
infekcja bakteryjna jelit,50,18,51,4.38,genactiv.pl/pages/zapalenie-jelit-przyczyny-objawy-leczenie,informational,tofu,tak,tak
czym karmić kocięta,50,18,50,1.52,genactiv.pl/blogs/futrzakopedia/czym-karmic-malego-kotka-jak-wyglada-prawidlowe-karmienie-kociat,informational,tofu,tak,tak
sucha skóra głowy u niemowlaka forum,50,11,19,0,genactiv.pl/blogs/poradnik/najczestsze-problemy-skory-glowy-dziecka-sprawdz-jak-sobie-radzic-z-ciemieniucha-i-podrazniona-skora-glowy,informational,tofu,tak,tak
łupież u 10 latki,50,13,32,0.79,genactiv.pl/blogs/poradnik/wiesz-ze-sa-dwa-rodzaje-lupiezu-sprawdz-ktory-ma-twoje-dziecko-i-dobierz-pielegnacje,informational,tofu,tak,tak
prawidłowe ph skóry,50,16,36,0,genactiv.pl/pages/ph-skory,informational,tofu,tak,tak
mleko czarownic,50,15,28,0,genactiv.pl/pages/co-to-jest-mleko-klaczy,informational,tofu,,tak
klasa igg co oznacza,50,11,33,0,genactiv.pl/pages/immunoglobuliny-m-i-g,informational,tofu,tak,tak
witaminy dla starszego psa,50,17,25,3.18,genactiv.pl/blogs/futrzakopedia/suplementy-dla-psa-seniora,informational,tofu,,tak
lizozym lek,50,17,25,0,genactiv.pl/pages/lizozym,informational,tofu,tak,tak
na odpornosc dla 2 latka,50,20,40,1.4,genactiv.pl/collections/zdrowe-dziecko,informational,tofu,tak,tak
colostrum lr dla dzieci,50,15,21,1.58,genactiv.pl/collections/zdrowe-dziecko,informational,mofu,,tak
wakacje z kotem w polsce,50,19,22,0.73,genactiv.pl/blogs/futrzakopedia/kot-na-wakacjach-jak-zorganizowac-urlop-z-kotem,informational,tofu,tak,tak
alergia na kurczaka,50,16,32,0,genactiv.pl/blogs/futrzakopedia/alergie-pokarmowe-u-psow-i-kotow-krore-miesa-sa-najbardziej-uczulajace,informational,tofu,tak,tak
ph fizjologiczne,50,17,33,0,genactiv.pl/pages/ph-skory,informational,tofu,tak,tak
naturalny hormon wzrostu,50,15,43,0,genactiv.pl/pages/hormony-wzrostu,informational,tofu,,tak
laktoferyna wikipedia,50,12,26,0,genactiv.pl/pages/laktoferyna,,,,tak
choroby układu trawiennego,50,17,38,0,genactiv.pl/blogs/poradnik/choroby-jelit-jak-je-rozpoznac-i-jak-leczyc,informational,tofu,tak,tak
działanie immunomodulujące,50,20,30,0,genactiv.pl/pages/immunomodulatory,informational,tofu,tak,tak
uczulenie na kazeinę objawy,50,19,34,0,genactiv.pl/pages/kazeina,informational,tofu,tak,tak
choroba lokomocyjna u psa forum,50,14,12,0,genactiv.pl/blogs/futrzakopedia/choroba-lokomocyjna-u-psa-i-kota-jak-temu-zaradzic,informational,tofu,tak,tak
lek na chorobę lokomocyjną dla psa,50,17,23,0,genactiv.pl/blogs/futrzakopedia/choroba-lokomocyjna-u-psa-i-kota-jak-temu-zaradzic,informational,tofu,tak,tak
biegunka u szczeniaka po szczepieniu,50,20,31,0,genactiv.pl/blogs/futrzakopedia/biegunka-u-szczeniat-jak-sobie-z-nia-radzic,informational,tofu,,tak
colosregen opinie,50,18,28,0,genactiv.pl/products/serum-z-colostrum-genactiv-100-ml,informational,mofu,tak,tak
co oznacza lymph w badaniu krwi,50,14,28,0,genactiv.pl/pages/limfocyty,informational,tofu,tak,tak
mikrobiota co to,50,15,33,0,genactiv.pl/pages/mikrobiota-jelitowa-co-to-jest-i-jej-wplyw-na-organizm-czlowieka,informational,tofu,,tak
pokarmy bogate w tryptofan prekursor serotoniny,50,17,23,0,genactiv.pl/pages/ltryptofan-i-tryptofan-wlasciwosci-niedobor-dawkowanie,informational,tofu,tak,tak
tryptofan zastosowanie,50,15,42,0.2,genactiv.pl/pages/ltryptofan-i-tryptofan-wlasciwosci-niedobor-dawkowanie,informational,tofu,tak,tak
igf 1 jak obniżyć,50,11,25,0,genactiv.pl/pages/igf-1-co-to-jest-i-jaka-funkcje-pelni-w-organizmie,informational,tofu,tak,tak
igf 1 co to za badanie,50,18,27,0,genactiv.pl/pages/igf-1-co-to-jest-i-jaka-funkcje-pelni-w-organizmie,informational,tofu,tak,tak
limfocyty co to znaczy,50,16,38,0,genactiv.pl/pages/limfocyty,informational,tofu,tak,tak
rozwolnienie u szczeniaka przy zmianie karmy,50,18,23,0.27,genactiv.pl/blogs/futrzakopedia/biegunka-u-szczeniat-jak-sobie-z-nia-radzic,informational,tofu,tak,tak
anemia a nerwica,50,16,21,0,genactiv.pl/blogs/poradnik/ferrytyna-a-stres-czy-dlugotrwaly-stres-moze-obnizyc-poziom-ferrytyny,informational,tofu,tak,tak
limfocyty co oznacza,50,11,44,0,genactiv.pl/pages/limfocyty,informational,tofu,tak,tak
zespół sibo co to jest za choroba,50,12,31,0.06,genactiv.pl/pages/sibo,informational,tofu,tak,tak
czy po antybiotyku mozna miec biegunke,50,17,31,0,genactiv.pl/blogs/futrzakopedia/biegunka-u-kota-po-antybiotykach,informational,tofu,tak,tak
igf 1 niski poziom,50,11,0,0,genactiv.pl/pages/igf-1-co-to-jest-i-jaka-funkcje-pelni-w-organizmie,informational,tofu,tak,tak
czy pies może jeść miętę,50,20,17,0,genactiv.pl/blogs/futrzakopedia/co-moze-jesc-pies-a-czego-nie-powinien-lista-produktow,informational,tofu,tak,tak
lek na nadczynność tarczycy u kota,50,14,20,0,genactiv.pl/blogs/futrzakopedia/suplementacja-psa-i-kota-przy-chorej-tarczycy,informational,tofu,,tak
sibo imo objawy,50,19,0,0.06,genactiv.pl/blogs/poradnik/sibo-zespol-rozrostu-bakteryjnego-jelita-cienkiego-objawy-leczenie-przyczyny,informational,tofu,tak,tak
primabiotic colostrum dla dzieci,50,16,16,0.35,genactiv.pl/collections/produkty-dla-dzieci,informational,tofu,,tak
tryptofan wzór strukturalny,50,15,23,0,genactiv.pl/pages/ltryptofan-i-tryptofan-wlasciwosci-niedobor-dawkowanie,informational,tofu,,tak
oxytropin co to,50,17,31,0,genactiv.pl/pages/hormony-wzrostu,informational,tofu,,tak
lipocyty,50,19,46,0,genactiv.pl/pages/limfocyty,informational,tofu,tak,tak
sibo bóle stawów,50,11,30,0.23,genactiv.pl/pages/sibo,informational,tofu,tak,tak
colostrum gcmaf,50,13,21,0.27,genactiv.pl/pages/badania-genactiv-colostrum,informational,tofu,,tak
arabinogalaktan przeciwwskazania,50,15,29,0,genactiv.pl/products/fiberbiom-pure-proszek-60-g,informational,tofu,,tak
czy pies może jeść suszone daktyle,50,14,19,0,genactiv.pl/blogs/futrzakopedia/co-moze-jesc-pies-a-czego-nie-powinien-lista-produktow,informational,tofu,tak,tak
czy pies może jeść chałwę,50,14,19,0,genactiv.pl/blogs/futrzakopedia/co-moze-jesc-pies-a-czego-nie-powinien-lista-produktow,informational,tofu,tak,tak
bóle jelitowe objawy,50,12,37,0,genactiv.pl/blogs/poradnik/choroby-jelit-jak-je-rozpoznac-i-jak-leczyc,informational,tofu,tak,tak
aly co to jest,50,17,41,0,genactiv.pl/pages/limfocyty,informational,tofu,tak,tak
czy pies może jeść budyń,50,20,14,0,genactiv.pl/blogs/futrzakopedia/co-moze-jesc-pies-a-czego-nie-powinien-lista-produktow,informational,tofu,tak,tak
czy kaczka uczula psa,50,14,20,0,genactiv.pl/blogs/futrzakopedia/alergie-pokarmowe-u-psow-i-kotow-krore-miesa-sa-najbardziej-uczulajace,informational,tofu,tak,tak
skóra kręta ciemienia,50,11,19,0,genactiv.pl/blogs/poradnik/najczestsze-problemy-skory-glowy-dziecka-sprawdz-jak-sobie-radzic-z-ciemieniucha-i-podrazniona-skora-glowy,informational,tofu,tak,
colostrum maść opinie,50,16,19,0,genactiv.pl/products/krem-z-colostrum-genactiv,informational,tofu,,tak
jakie zupy może jeść pies,50,19,28,0,genactiv.pl/blogs/futrzakopedia/co-moze-jesc-pies-a-czego-nie-powinien-lista-produktow,informational,tofu,tak,tak
colostrum czerniak,50,12,37,0,genactiv.pl/collections/colostrum,informational,tofu,,tak
siara bydlęca pan tabletka,50,15,33,0,genactiv.pl/collections/odpornosc,informational,tofu,tak,tak
colostrum acidofilne,50,14,38,1.97,genactiv.pl/,informational,tofu,,tak
oxytropin efekty,50,20,37,0,genactiv.pl/pages/hormony-wzrostu,informational,mofu,,tak
witamina e dla psa dawkowanie,50,17,26,1.22,genactiv.pl/blogs/futrzakopedia/jak-czesto-podawac-psom-suplementy-diety,informational,tofu,tak,tak
mieszanie karmy suchej i mokrej pies,50,13,22,1.66,genactiv.pl/blogs/futrzakopedia/czy-laczenie-karmy-mokrej-i-suchej-jest-zdrowe-dla-psa,informational,tofu,tak,tak
inne choroby jelit,40,12,38,0,genactiv.pl/blogs/poradnik/choroby-jelit-jak-je-rozpoznac-i-jak-leczyc,informational,tofu,tak,tak
spuchnięte jelita przyczyny,40,17,32,0.5,genactiv.pl/blogs/poradnik/choroby-jelit-jak-je-rozpoznac-i-jak-leczyc,informational,tofu,tak,tak
czerwone plamy na głowie u dziecka,40,20,34,0,genactiv.pl/blogs/poradnik/najczestsze-problemy-skory-glowy-dziecka-sprawdz-jak-sobie-radzic-z-ciemieniucha-i-podrazniona-skora-glowy,informational,tofu,tak,tak
łupież tłusty u dzieci,40,12,33,0,genactiv.pl/blogs/poradnik/wiesz-ze-sa-dwa-rodzaje-lupiezu-sprawdz-ktory-ma-twoje-dziecko-i-dobierz-pielegnacje,informational,tofu,tak,tak
laktoferyna na co pomaga,40,18,27,0.61,genactiv.pl/pages/laktoferyna,informational,tofu,tak,tak
lym krew,40,14,47,0,genactiv.pl/pages/limfocyty,informational,tofu,tak,tak
jak podróżować z kotem,40,14,26,0.11,genactiv.pl/blogs/futrzakopedia/czy-podrozowanie-z-kotem-jest-mozliwe,informational,tofu,tak,tak
celiakia wikipedia,40,14,36,0,genactiv.pl/blogs/poradnik/celiakia-co-to-jest-objawy-przyczyny,navigational,tofu,,tak
przerost bakterii gnilnych,40,12,37,0,genactiv.pl/blogs/poradnik/sibo-zespol-rozrostu-bakteryjnego-jelita-cienkiego-objawy-leczenie-przyczyny,informational,tofu,tak,tak
igf 1 wikipedia,40,11,16,0,genactiv.pl/pages/igf-1-co-to-jest-i-jaka-funkcje-pelni-w-organizmie,informational,tofu,,
kazeina w mleku kozim,40,20,23,0,genactiv.pl/pages/kazeina,informational,tofu,tak,tak
jak często myć głowę 8 latce,40,16,11,0,genactiv.pl/blogs/poradnik/jak-myc-skore-glowy-i-wlosy-dziecku-najczestsze-bledy-i-polecane-sposoby-okiem-trychologa,informational,tofu,tak,tak
jak leczyć stan zapalny jelit,40,19,37,0.19,genactiv.pl/pages/zapalenie-jelit-przyczyny-objawy-leczenie,informational,tofu,tak,tak
przyczyny chorób układu pokarmowego,40,18,41,0,genactiv.pl/blogs/poradnik/choroby-jelit-jak-je-rozpoznac-i-jak-leczyc,informational,tofu,tak,tak
co dać kotu na rozwolnienie,40,13,27,0,genactiv.pl/blogs/futrzakopedia/biegunka-u-kota-po-antybiotykach,informational,tofu,tak,tak
wytwarza limfocyty,40,11,44,0,genactiv.pl/pages/limfocyty,informational,tofu,tak,tak
laremid dla kota,40,14,23,0,genactiv.pl/blogs/futrzakopedia/biegunka-u-kota-po-antybiotykach,informational,tofu,tak,tak
limfocyty pomocnicze,40,19,42,0,genactiv.pl/pages/limfocyty,informational,tofu,tak,tak
limfocyty śródnabłonkowe,40,19,40,0,genactiv.pl/pages/limfocyty,informational,tofu,tak,tak
colostrum hypo,40,11,25,1.01,genactiv.pl/collections/colostrum,transactional,bofu,,tak
leukocyty 3,40,15,47,0,genactiv.pl/pages/leukocyty-czym-sa-jakie-sa-objawy-niedoboru-i-nadmiaru,informational,tofu,tak,tak
colostrum lr dawkowanie dla dzieci,40,12,17,0.12,genactiv.pl/products/colostrum-genactiv-zawiesina,informational,mofu,tak,tak
choroba glutenowa,40,14,39,0.06,genactiv.pl/blogs/poradnik/celiakia-co-to-jest-objawy-przyczyny,informational,tofu,tak,tak
ferrytyna jaki poziom,40,13,41,0.33,genactiv.pl/blogs/poradnik/ferrytyna-u-dzieci-jak-zadbac-o-odpowiedni-poziom-ferrytyny-u-najmlodszych,informational,tofu,tak,tak
leukocyty symbol,40,18,39,0,genactiv.pl/pages/leukocyty-czym-sa-jakie-sa-objawy-niedoboru-i-nadmiaru,informational,tofu,,tak
co dla psa na chorobę lokomocyjną,40,17,18,0.02,genactiv.pl/blogs/futrzakopedia/choroba-lokomocyjna-u-psa-i-kota-jak-temu-zaradzic,informational,mofu,tak,tak
pierwsza noc kota w nowym domu,40,17,32,2.4,genactiv.pl/blogs/futrzakopedia/kot-w-nowym-domu-jak-dlugo-trwa-proces-aklimatyzacji,informational,tofu,tak,tak
czy pies może jeść barszcz czerwony,40,16,13,0,genactiv.pl/blogs/futrzakopedia/co-moze-jesc-pies-a-czego-nie-powinien-lista-produktow,informational,tofu,tak,tak
długa podróż samochodem z kotem,40,14,31,0,genactiv.pl/blogs/futrzakopedia/czy-podrozowanie-z-kotem-jest-mozliwe,informational,tofu,tak,tak
karbowane włosy u dziecka,40,18,20,0,genactiv.pl/blogs/poradnik/najczestsze-problemy-skory-glowy-dziecka-sprawdz-jak-sobie-radzic-z-ciemieniucha-i-podrazniona-skora-glowy,informational,tofu,tak,tak
igf badanie,40,19,40,0,genactiv.pl/pages/igf-1-co-to-jest-i-jaka-funkcje-pelni-w-organizmie,informational,tofu,tak,tak
co można dawać psu oprócz suchej karmy,40,19,17,0.45,genactiv.pl/blogs/futrzakopedia/co-moze-jesc-pies-a-czego-nie-powinien-lista-produktow,informational,tofu,tak,tak
przerost bakterii w jelicie grubym,40,13,30,0.31,genactiv.pl/blogs/poradnik/sibo-zespol-rozrostu-bakteryjnego-jelita-cienkiego-objawy-leczenie-przyczyny,informational,tofu,tak,tak
przyprawy szkodliwe dla psa,40,20,28,0,genactiv.pl/blogs/futrzakopedia/co-moze-jesc-pies-a-czego-nie-powinien-lista-produktow,informational,tofu,tak,tak
colostrum na alergie,40,16,25,0,genactiv.pl/collections/odpornosc,informational,mofu,,tak
co moze jesc chihuahua,40,14,32,4.1,genactiv.pl/blogs/futrzakopedia/co-moze-jesc-pies-a-czego-nie-powinien-lista-produktow,informational,tofu,tak,tak
grupy enzymów,40,13,44,0,genactiv.pl/pages/enzymy,informational,tofu,tak,tak
lizozym z jaj szkodliwość,40,11,15,0,genactiv.pl/pages/lizozym,informational,tofu,tak,tak
zastosowanie enzymów w medycynie,40,12,30,0,genactiv.pl/pages/enzymy,informational,tofu,,tak
łupież u 11 latka,30,19,19,0.8,genactiv.pl/blogs/poradnik/wiesz-ze-sa-dwa-rodzaje-lupiezu-sprawdz-ktory-ma-twoje-dziecko-i-dobierz-pielegnacje,informational,tofu,,tak
leukocyty definicja,30,12,35,0,genactiv.pl/pages/leukocyty-czym-sa-jakie-sa-objawy-niedoboru-i-nadmiaru,informational,tofu,tak,tak
kazeina w mleku krowim,30,11,24,0,genactiv.pl/pages/kazeina,informational,tofu,tak,tak
przeprowadzka kota z domu do bloku,30,15,12,2.02,genactiv.pl/blogs/futrzakopedia/przeprowadzka-z-kotem-jak-sie-do-niej-przygotowac,informational,tofu,tak,tak
co do jedzenia dla szczeniaka,30,19,44,3.25,genactiv.pl/blogs/futrzakopedia/czym-i-jak-karmic-szczeniaka,informational,tofu,tak,tak
lizozym cena,30,14,25,0,genactiv.pl/pages/lizozym,transactional,bofu,,tak
jak karmić małego kotka bez matki,30,16,29,1.53,genactiv.pl/blogs/futrzakopedia/czym-karmic-malego-kotka-jak-wyglada-prawidlowe-karmienie-kociat,informational,tofu,,tak
ludzki hormon wzrostu,30,14,39,0,genactiv.pl/pages/hormony-wzrostu,informational,tofu,,tak
jak pozbyć się łupieżu u dziecka,30,14,28,0.26,genactiv.pl/blogs/poradnik/wiesz-ze-sa-dwa-rodzaje-lupiezu-sprawdz-ktory-ma-twoje-dziecko-i-dobierz-pielegnacje,informational,tofu,tak,tak
włosy na plecach u dziecka,30,13,42,0,genactiv.pl/blogs/poradnik/najczestsze-problemy-skory-glowy-dziecka-sprawdz-jak-sobie-radzic-z-ciemieniucha-i-podrazniona-skora-glowy,informational,tofu,tak,tak
łupież łojotokowy u dziecka,30,12,35,0,genactiv.pl/blogs/poradnik/wiesz-ze-sa-dwa-rodzaje-lupiezu-sprawdz-ktory-ma-twoje-dziecko-i-dobierz-pielegnacje,informational,tofu,tak,tak
podróż z kotem samochodem,30,11,34,0.07,genactiv.pl/blogs/futrzakopedia/kot-a-jazda-autem-jak-przyzwyczaic-kota-do-podrozy-samochodem,informational,tofu,tak,tak
czy można mieszać karmę suchą z mokrą,30,13,20,9,genactiv.pl/blogs/futrzakopedia/czy-laczenie-karmy-mokrej-i-suchej-jest-zdrowe-dla-psa,informational,tofu,tak,tak
jak karmić kociaka,30,15,51,1.63,genactiv.pl/blogs/futrzakopedia/czym-karmic-malego-kotka-jak-wyglada-prawidlowe-karmienie-kociat,informational,tofu,tak,tak
co to jest ph skóry,30,15,31,0,genactiv.pl/pages/ph-skory,informational,tofu,tak,tak
celiakia potencjalna,30,13,35,0,genactiv.pl/blogs/poradnik/celiakia-co-to-jest-objawy-przyczyny,informational,tofu,tak,tak
zaparcia w podróży,30,17,31,0,genactiv.pl/blogs/poradnik/jak-uniknac-zaparc-wzdec-i-biegunek-na-wakacjach-praktyczny-poradnik-urlopowicza,informational,tofu,tak,tak
źródło aminokwasów,30,12,50,0,genactiv.pl/pages/aminokwasy,informational,tofu,tak,tak
hormon wzrostu po angielsku,30,18,9,0,genactiv.pl/pages/hormony-wzrostu,informational,tofu,tak,tak
jak przygotować kota do przeprowadzki,30,12,18,0.12,genactiv.pl/blogs/futrzakopedia/przeprowadzka-z-kotem-jak-sie-do-niej-przygotowac,informational,tofu,tak,tak
czym karmic miesiecznego kota,30,11,35,0,genactiv.pl/blogs/futrzakopedia/czym-karmic-malego-kotka-jak-wyglada-prawidlowe-karmienie-kociat,informational,tofu,tak,tak
biegunka po antybiotykoterapii,30,15,42,0,genactiv.pl/blogs/futrzakopedia/biegunka-u-kota-po-antybiotykach,informational,tofu,tak,tak
proces liofilizacji owoców,30,18,26,0.46,genactiv.pl/pages/liofilizacja-co-to-znaczy,informational,tofu,tak,tak
jak karmic kotka,30,19,56,0,genactiv.pl/blogs/futrzakopedia/czym-karmic-malego-kotka-jak-wyglada-prawidlowe-karmienie-kociat,informational,tofu,tak,tak
białka egzogenne i endogenne,30,11,34,0,genactiv.pl/pages/aminokwasy,informational,tofu,tak,tak
z czym mieszać suchą karmę dla psa,30,13,20,1.22,genactiv.pl/blogs/futrzakopedia/czy-laczenie-karmy-mokrej-i-suchej-jest-zdrowe-dla-psa,informational,tofu,tak,tak
pierwszy dzień kota w nowym domu,30,19,41,2.37,genactiv.pl/blogs/futrzakopedia/kot-w-nowym-domu-jak-dlugo-trwa-proces-aklimatyzacji,informational,tofu,tak,tak
kazeina techniczna,30,15,24,0,genactiv.pl/pages/kazeina,informational,tofu,tak,tak
choroba nietolerancji glutenu,30,14,36,0,genactiv.pl/blogs/poradnik/celiakia-co-to-jest-objawy-przyczyny,,,,
siara kozia dla dzieci,30,15,28,1.42,genactiv.pl/collections/zdrowe-dziecko,informational,tofu,tak,tak
witaminy dla yorka seniora,30,20,23,1.58,genactiv.pl/blogs/futrzakopedia/suplementy-dla-psa-seniora,informational,tofu,,tak
aminokwasy proteogenne,30,17,29,0,genactiv.pl/pages/aminokwasy,informational,tofu,tak,tak
cechy enzymów,30,15,45,0,genactiv.pl/pages/enzymy,informational,tofu,tak,tak
czym karmić małego kotka bez matki,30,20,30,0,genactiv.pl/blogs/futrzakopedia/czym-karmic-malego-kotka-jak-wyglada-prawidlowe-karmienie-kociat,informational,tofu,tak,tak
ile razy dziennie karmić 8 miesięcznego psa,30,20,21,0,genactiv.pl/blogs/futrzakopedia/ile-razy-dziennie-karmic-psa-jak-czesto-powinien-jesc-pies,informational,tofu,tak,tak
wprowadzenie nowego kota do domu,30,12,35,0.92,genactiv.pl/blogs/futrzakopedia/kot-w-nowym-domu-jak-dlugo-trwa-proces-aklimatyzacji,informational,tofu,tak,tak
czym karmić małego psa,30,12,49,1.88,genactiv.pl/blogs/futrzakopedia/czym-i-jak-karmic-szczeniaka,informational,tofu,tak,tak
żywienie psa ile razy dziennie,30,18,29,0.23,genactiv.pl/blogs/futrzakopedia/ile-razy-dziennie-karmic-psa-jak-czesto-powinien-jesc-pies,informational,tofu,tak,tak
colostrum witaminy,30,12,47,1.54,genactiv.pl/blogs/poradnik/colostrum-jak-dziala-jak-dlugo-stosowac,informational,tofu,,tak
uczulenie na drób,30,14,25,0,genactiv.pl/blogs/futrzakopedia/alergie-pokarmowe-u-psow-i-kotow-krore-miesa-sa-najbardziej-uczulajace,informational,tofu,tak,tak
klasa igg,30,15,42,0,genactiv.pl/pages/immunoglobuliny-m-i-g,informational,tofu,,tak
co dawać psu jeść,30,11,34,2.29,genactiv.pl/blogs/futrzakopedia/co-moze-jesc-pies-a-czego-nie-powinien-lista-produktow,informational,tofu,tak,tak
klasyfikacja aminokwasów,30,12,42,0,genactiv.pl/pages/aminokwasy,informational,tofu,tak,tak
20 aminokwasów białkowych,30,15,40,0,genactiv.pl/pages/aminokwasy,informational,tofu,tak,tak
igg norma u dzieci,30,17,28,0,genactiv.pl/pages/immunoglobuliny-m-i-g,informational,tofu,tak,tak
mikrobiota człowieka,30,11,30,0,genactiv.pl/blogs/poradnik/czym-jest-mikrobiom,informational,tofu,tak,tak
szampon na suchą skórę głowy u dziecka,30,12,29,0.69,genactiv.pl/blogs/poradnik/najczestsze-problemy-skory-glowy-dziecka-sprawdz-jak-sobie-radzic-z-ciemieniucha-i-podrazniona-skora-glowy,informational,tofu,,tak
jak wykarmić małego kotka,30,17,33,0,genactiv.pl/blogs/futrzakopedia/czym-karmic-malego-kotka-jak-wyglada-prawidlowe-karmienie-kociat,informational,tofu,tak,tak
na wzmocnienie dla dzieci,30,18,43,2.32,genactiv.pl/collections/zdrowe-dziecko,informational,tofu,,tak
aminokwasy gdzie wystepuja,30,15,39,0,genactiv.pl/pages/aminokwasy,informational,tofu,tak,tak
czym są aminokwasy egzogenne,30,17,30,0,genactiv.pl/pages/aminokwasy,informational,tofu,tak,tak
łupież u 11 latki,30,16,25,0,genactiv.pl/blogs/poradnik/wiesz-ze-sa-dwa-rodzaje-lupiezu-sprawdz-ktory-ma-twoje-dziecko-i-dobierz-pielegnacje,informational,tofu,tak,tak
ile razy dziennie karmić amstaffa,30,11,25,0,genactiv.pl/blogs/futrzakopedia/ile-razy-dziennie-karmic-psa-jak-czesto-powinien-jesc-pies,informational,tofu,tak,tak
flora fizjologiczna jamy ustnej,30,20,24,0,genactiv.pl/pages/flora-bakteryjna,informational,tofu,tak,tak
odczyn poszczepienny u kota,30,20,18,0,genactiv.pl/blogs/futrzakopedia/biegunka-u-kota-po-szczepieniu,informational,tofu,tak,tak
arabinogalaktan preparaty,30,16,19,0,genactiv.pl/products/fiberbiom-pure-proszek-60-g,informational,tofu,tak,tak
colostrum maść regenerująca,30,17,19,0.37,genactiv.pl/products/krem-z-colostrum-genactiv,informational,tofu,,tak
przeciwciala igm co to,30,20,35,0,genactiv.pl/pages/immunoglobuliny-m-i-g,informational,tofu,tak,tak
f colostrum,30,14,31,0.22,genactiv.pl/collections/colostrum,informational,tofu,,tak
nadmiar leukocytów we krwi,30,17,33,0,genactiv.pl/pages/leukocyty-czym-sa-jakie-sa-objawy-niedoboru-i-nadmiaru,informational,tofu,tak,tak
wyciąg z siary bydlęcej,30,14,31,0,genactiv.pl/collections/odpornosc,informational,tofu,tak,tak
czym karmic kociaki,30,18,44,2.34,genactiv.pl/blogs/futrzakopedia/czym-karmic-malego-kotka-jak-wyglada-prawidlowe-karmienie-kociat,informational,tofu,tak,tak
syntetyczny hormon wzrostu,30,19,39,0,genactiv.pl/pages/hormony-wzrostu,informational,tofu,,tak
enzymy biochemia,30,12,42,0,genactiv.pl/pages/enzymy,informational,tofu,,tak
tryptofan nadmiar,30,20,34,0,genactiv.pl/pages/ltryptofan-i-tryptofan-wlasciwosci-niedobor-dawkowanie,informational,tofu,,tak
igg co to znaczy,30,13,28,0,genactiv.pl/pages/immunoglobuliny-m-i-g,informational,tofu,tak,tak
nietolerancja glutenu przyczyny,30,13,39,0.16,genactiv.pl/blogs/poradnik/celiakia-co-to-jest-objawy-przyczyny,informational,tofu,tak,tak
uszkodzenie jelit,30,11,49,0,genactiv.pl/blogs/poradnik/choroby-jelit-jak-je-rozpoznac-i-jak-leczyc,informational,tofu,tak,tak
celiakia wiki,30,11,36,0,genactiv.pl/blogs/poradnik/celiakia-co-to-jest-objawy-przyczyny,navigational,tofu,,tak
rola aminokwasów,30,15,39,0,genactiv.pl/pages/aminokwasy,informational,tofu,tak,tak
kazeina szkodliwość,30,13,26,0,genactiv.pl/pages/kazeina,informational,tofu,tak,tak
colostrum mp,30,18,27,0,genactiv.pl/products/colostrum-i-mleko-klaczy-genactiv-proszek-50-g,informational,tofu,,tak
colostrum dla dzieci allegro,30,18,9,0,genactiv.pl/collections/produkty-dla-dzieci,transactional,bofu,,tak
jak myc glowe niemowlaka,30,16,25,0.63,genactiv.pl/blogs/poradnik/jak-myc-skore-glowy-i-wlosy-dziecku-najczestsze-bledy-i-polecane-sposoby-okiem-trychologa,informational,tofu,,tak
infekcja jelit objawy,30,19,39,0,genactiv.pl/blogs/poradnik/choroby-jelit-jak-je-rozpoznac-i-jak-leczyc,informational,tofu,tak,tak
sibo od czego,30,11,36,0.07,genactiv.pl/pages/sibo,informational,tofu,tak,tak
kotka nie chce karmic młodych co robic,30,11,28,0,genactiv.pl/blogs/futrzakopedia/czym-karmic-malego-kotka-jak-wyglada-prawidlowe-karmienie-kociat,informational,tofu,tak,tak
rodzaje sibo,30,17,30,0.45,genactiv.pl/pages/sibo,informational,tofu,tak,tak
endopeptydazy i egzopeptydazy,30,16,24,0,genactiv.pl/pages/enzymy,informational,tofu,tak,tak
kociak nie chce jeść,30,16,23,0.09,genactiv.pl/blogs/futrzakopedia/dlaczego-twoj-kot-nie-chce-jesc-przyczyny-skutki-i-sposoby-na-poprawe-apetytu,informational,tofu,tak,tak
mikrobiom układu pokarmowego,30,17,25,0,genactiv.pl/blogs/poradnik/czym-jest-mikrobiom,informational,tofu,tak,tak
immunoglobuliny kl a,30,20,41,0,genactiv.pl/pages/immunoglobuliny-a,informational,tofu,tak,tak
przerost flory bakteryjnej forum,30,11,19,0,genactiv.pl/blogs/poradnik/sibo-zespol-rozrostu-bakteryjnego-jelita-cienkiego-objawy-leczenie-przyczyny,informational,tofu,tak,tak
jak zatrzymać biegunkę po antybiotyku,30,15,34,1.49,genactiv.pl/blogs/futrzakopedia/biegunka-u-kota-po-antybiotykach,informational,tofu,tak,tak
mikrobiom definicja,30,12,26,0,genactiv.pl/blogs/poradnik/czym-jest-mikrobiom,informational,tofu,tak,tak
ryboflawina wegetarianizm,30,17,28,0,genactiv.pl/pages/witamina-b2-ryboflawina,informational,tofu,tak,tak
czy z kotem można podróżować,30,14,24,0,genactiv.pl/blogs/futrzakopedia/czy-podrozowanie-z-kotem-jest-mozliwe,informational,tofu,tak,tak
gdzie jest tryptofan,30,13,34,0,genactiv.pl/pages/ltryptofan-i-tryptofan-wlasciwosci-niedobor-dawkowanie,informational,tofu,tak,tak
niedokrwistość z niedoboru żelaza ferrytyna,30,16,30,0,genactiv.pl/blogs/poradnik/ferrytyna-a-zmeczenie-czy-niski-poziom-ferrytyny-moze-byc-przyczyna-chronicznego-zmeczenia,informational,tofu,tak,tak
czy pies moze jesc pizze,30,14,8,0,genactiv.pl/blogs/futrzakopedia/co-moze-jesc-pies-a-czego-nie-powinien-lista-produktow,informational,tofu,tak,tak
szampon z mlekiem klaczy,30,18,19,4.58,genactiv.pl/collections/mleko-klaczy,informational,tofu,,tak
celiakia definicja,30,16,34,0,genactiv.pl/blogs/poradnik/celiakia-co-to-jest-objawy-przyczyny,informational,tofu,tak,tak
jak umyć dziecku głowę,30,12,20,0,genactiv.pl/blogs/poradnik/jak-myc-skore-glowy-i-wlosy-dziecku-najczestsze-bledy-i-polecane-sposoby-okiem-trychologa,informational,tofu,tak,tak
np enzymy krzyżówka,30,17,26,0,genactiv.pl/pages/enzymy,informational,tofu,,tak
co zrobić gdy kotka nie chce karmić młodych,30,14,20,0,genactiv.pl/blogs/futrzakopedia/czym-karmic-malego-kotka-jak-wyglada-prawidlowe-karmienie-kociat,informational,unknown,tak,tak
zachowanie kota po przeprowadzce,30,15,17,0,genactiv.pl/blogs/futrzakopedia/przeprowadzka-z-kotem-jak-sie-do-niej-przygotowac,informational,tofu,tak,tak
nazewnictwo enzymów,30,14,37,0,genactiv.pl/pages/enzymy,informational,tofu,tak,tak
ile trwa oswajanie kota,30,11,19,0,genactiv.pl/blogs/futrzakopedia/kot-w-nowym-domu-jak-dlugo-trwa-proces-aklimatyzacji,informational,tofu,tak,tak
podział aminokwasów na egzogenne i endogenne,30,19,26,0,genactiv.pl/pages/aminokwasy,informational,tofu,tak,tak
co mogą jeść psy a czego nie,30,18,26,0.94,genactiv.pl/blogs/futrzakopedia/co-moze-jesc-pies-a-czego-nie-powinien-lista-produktow,informational,tofu,,tak
brudna skóra głowy,30,11,40,0,genactiv.pl/blogs/poradnik/najczestsze-problemy-skory-glowy-dziecka-sprawdz-jak-sobie-radzic-z-ciemieniucha-i-podrazniona-skora-glowy,informational,tofu,tak,tak
czy pies może jeść ketchup,30,12,13,0,genactiv.pl/blogs/futrzakopedia/co-moze-jesc-pies-a-czego-nie-powinien-lista-produktow,informational,tofu,tak,tak
czy pies może jeść przyprawy,30,15,20,0,genactiv.pl/blogs/futrzakopedia/co-moze-jesc-pies-a-czego-nie-powinien-lista-produktow,informational,tofu,tak,tak
debutir dla psa,30,20,23,0,genactiv.pl/blogs/futrzakopedia/suplementy-dla-psa-na-jelita,informational,tofu,tak,tak
czy pies może jeść porcje rosołowe,30,15,11,0,genactiv.pl/blogs/futrzakopedia/co-moze-jesc-pies-a-czego-nie-powinien-lista-produktow,informational,tofu,tak,tak
czarny bez english,20,12,34,0,genactiv.pl/pages/czarny-bez,informational,tofu,,tak
produkty zakazane dla psa,20,11,31,2.26,genactiv.pl/blogs/futrzakopedia/co-moze-jesc-pies-a-czego-nie-powinien-lista-produktow,informational,tofu,,tak
czy pies może jeść mąkę,20,17,18,0,genactiv.pl/blogs/futrzakopedia/co-moze-jesc-pies-a-czego-nie-powinien-lista-produktow,informational,tofu,tak,tak
pies w upalne dni,20,13,26,0,genactiv.pl/blogs/futrzakopedia/dieta-psa-w-letnie-upaly-jak-karmic-psa-w-czasie-goracych-dni,informational,tofu,tak,tak
kazeina podpuszczkowa,20,16,24,0,genactiv.pl/pages/kazeina,informational,tofu,,tak
gdzie są aminokwasy,20,17,44,0,genactiv.pl/pages/aminokwasy,informational,tofu,tak,tak
colostrum colway,20,15,26,1.33,genactiv.pl/collections/colostrum,informational,mofu,,tak
leukocyty granulocyty,20,20,45,0,genactiv.pl/pages/leukocyty-czym-sa-jakie-sa-objawy-niedoboru-i-nadmiaru,informational,tofu,tak,tak
czy koty lubią podróżować,20,12,24,0,genactiv.pl/blogs/futrzakopedia/czy-podrozowanie-z-kotem-jest-mozliwe,informational,tofu,tak,tak
kociak w nowym domu,20,11,40,0.68,genactiv.pl/blogs/futrzakopedia/kot-w-nowym-domu-jak-dlugo-trwa-proces-aklimatyzacji,informational,tofu,,tak
uczulenie na glowie dziecka,20,11,38,0,genactiv.pl/blogs/poradnik/najczestsze-problemy-skory-glowy-dziecka-sprawdz-jak-sobie-radzic-z-ciemieniucha-i-podrazniona-skora-glowy,informational,tofu,tak,tak
łupież niemowlęcy,20,14,29,0,genactiv.pl/blogs/poradnik/wiesz-ze-sa-dwa-rodzaje-lupiezu-sprawdz-ktory-ma-twoje-dziecko-i-dobierz-pielegnacje,informational,tofu,tak,tak
co ile karmic psa,20,19,43,2.25,genactiv.pl/blogs/futrzakopedia/ile-razy-dziennie-karmic-psa-jak-czesto-powinien-jesc-pies,informational,tofu,tak,tak
zła praca jelit,20,16,39,0,genactiv.pl/blogs/poradnik/choroby-jelit-jak-je-rozpoznac-i-jak-leczyc,informational,tofu,tak,tak
tabletki na stawy dla psa forum,20,12,24,0,genactiv.pl/blogs/futrzakopedia/czy-mozna-stosowac-bez-przerw-suplementy-na-stawy-u-psow,informational,tofu,,tak
co to jest flora fizjologiczna,20,13,29,0,genactiv.pl › pages › flora-bakteryjna/,informational,tofu,,tak
dziecko drapie się z tyłu głowy,20,17,21,0,genactiv.pl/blogs/poradnik/najczestsze-problemy-skory-glowy-dziecka-sprawdz-jak-sobie-radzic-z-ciemieniucha-i-podrazniona-skora-glowy,informational,tofu,tak,tak
jak długo koty się marcują,20,19,25,0,genactiv.pl/blogs/futrzakopedia/kot-w-nowym-domu-jak-dlugo-trwa-proces-aklimatyzacji,informational,tofu,tak,tak
niedobór żelaza a włosy,20,14,26,0,genactiv.pl/blogs/poradnik/wypadanie-wlosow-a-niski-poziom-ferrytyny,informational,tofu,tak,tak
długotrwała biegunka u kota,20,12,27,0.19,genactiv.pl/blogs/futrzakopedia/biegunka-u-kota-po-antybiotykach,informational,tofu,,tak
łupież u 12 latki,20,18,28,0.97,genactiv.pl/blogs/poradnik/wiesz-ze-sa-dwa-rodzaje-lupiezu-sprawdz-ktory-ma-twoje-dziecko-i-dobierz-pielegnacje,informational,tofu,tak,tak
skrót lym w morfologii,20,13,31,0,genactiv.pl/pages/limfocyty,informational,tofu,tak,tak
zaburzona praca jelit,20,20,39,0,genactiv.pl/blogs/poradnik/choroby-jelit-jak-je-rozpoznac-i-jak-leczyc,informational,tofu,,tak
problem z wypróżnianiem na wyjazdach,20,19,14,0,genactiv.pl/blogs/poradnik/jak-uniknac-zaparc-wzdec-i-biegunek-na-wakacjach-praktyczny-poradnik-urlopowicza,informational,tofu,tak,tak
łupież u 9 latki,20,13,28,0.85,genactiv.pl/blogs/poradnik/wiesz-ze-sa-dwa-rodzaje-lupiezu-sprawdz-ktory-ma-twoje-dziecko-i-dobierz-pielegnacje,informational,tofu,,tak
łupież u 3 latka,20,11,32,0,genactiv.pl/blogs/poradnik/wiesz-ze-sa-dwa-rodzaje-lupiezu-sprawdz-ktory-ma-twoje-dziecko-i-dobierz-pielegnacje,informational,tofu,tak,tak
ochrona jelit tabletki,20,15,44,0.78,genactiv.pl/collections/zdrowe-jelita,informational,tofu,tak,tak
uczulenie kota na karme,20,18,23,1.98,genactiv.pl/blogs/futrzakopedia/alergie-pokarmowe-u-psow-i-kotow-krore-miesa-sa-najbardziej-uczulajace,informational,tofu,tak,tak
łączenie karmy suchej i mokrej pies,20,13,26,0,genactiv.pl/blogs/futrzakopedia/czy-laczenie-karmy-mokrej-i-suchej-jest-zdrowe-dla-psa,informational,tofu,tak,tak
colostrum natvita,20,17,22,1.29,genactiv.pl/collections/colostrum,informational,tofu,,tak
naturalny czynnik wzrostu fgf,20,20,20,0,genactiv.pl/pages/egf-naskorkowy-czynnik-wzrostu,informational,tofu,tak,tak
rozstrój jelit,20,16,38,0,genactiv.pl/blogs/poradnik/choroby-jelit-jak-je-rozpoznac-i-jak-leczyc,informational,tofu,tak,tak
choroba trzewna celiakia,20,13,34,0,genactiv.pl/blogs/poradnik/celiakia-co-to-jest-objawy-przyczyny,,,,
jak myć głowę niemowlakowi,20,16,25,0,genactiv.pl/blogs/poradnik/jak-myc-skore-glowy-i-wlosy-dziecku-najczestsze-bledy-i-polecane-sposoby-okiem-trychologa,informational,tofu,tak,tak
psychosomatyka jelita,20,19,32,0,genactiv.pl/blogs/poradnik/w-jaki-sposob-jelita-wplywaja-na-nastroj-i-poziomy-energii,informational,tofu,tak,tak
czy po antybiotyku moze wystapic biegunka,20,17,31,0,genactiv.pl/blogs/futrzakopedia/biegunka-u-kota-po-antybiotykach,informational,tofu,tak,tak
czy hormon wzrostu działa,20,17,36,0,genactiv.pl/pages/hormony-wzrostu,informational,tofu,,tak
ciepłe jedzenie dla psa,20,20,32,7.17,genactiv.pl/blogs/futrzakopedia/dieta-psa-w-letnie-upaly-jak-karmic-psa-w-czasie-goracych-dni,informational,tofu,,tak
celiakia jak sie objawia,20,12,33,0.19,genactiv.pl/blogs/poradnik/celiakia-co-to-jest-objawy-przyczyny,informational,tofu,tak,tak
co zawiera aminokwasy,20,11,47,0,genactiv.pl/pages/aminokwasy,informational,tofu,tak,tak
enzymy rozkładające skrobię,20,19,30,0,genactiv.pl/pages/enzymy,informational,tofu,,tak
jaka zmiana stanu skupienia zachodzi podczas liofilizacji,20,18,7,0,genactiv.pl/pages/liofilizacja-co-to-znaczy,informational,tofu,tak,tak
czarny bez witamina c,20,19,29,0,genactiv.pl/pages/czarny-bez,informational,tofu,,tak
czym nie wolno karmić psa,20,16,33,1.93,genactiv.pl/blogs/futrzakopedia/co-moze-jesc-pies-a-czego-nie-powinien-lista-produktow,informational,tofu,tak,tak
mleko na włosy,20,15,35,0,genactiv.pl/collections/zdrowe-wlosy,informational,tofu,tak,tak
dieta bogata w tryptofan,20,20,27,0,genactiv.pl/pages/ltryptofan-i-tryptofan-wlasciwosci-niedobor-dawkowanie,informational,tofu,tak,tak
bolesne jelita,20,16,46,0,genactiv.pl/blogs/poradnik/choroby-jelit-jak-je-rozpoznac-i-jak-leczyc,informational,tofu,tak,tak
siara bydlęca dla dzieci opinie,20,17,30,0,genactiv.pl/collections/zdrowe-dziecko,informational,tofu,tak,tak
colostrum wołowe opinie,20,15,29,0,genactiv.pl/pages/opinie-o-colostrum,informational,mofu,,tak
źródła aminokwasów egzogennych,20,18,39,0,genactiv.pl/pages/aminokwasy,informational,tofu,tak,tak
wymień choroby układu pokarmowego,20,13,36,0,genactiv.pl/blogs/poradnik/choroby-jelit-jak-je-rozpoznac-i-jak-leczyc,informational,tofu,tak,tak
colosregen serum allegro,20,18,17,0,genactiv.pl/collections/colosregen,transactional,bofu,,
niska ferrytyna leczenie,20,17,40,0,genactiv.pl/blogs/poradnik/niskie-poziomy-ferrytyny-objawy-przyczyny-i-skutki-dla-zdrowia,informational,tofu,tak,tak
czy mleko kozie zawiera kazeinę,20,14,24,0,genactiv.pl/pages/kazeina,informational,tofu,tak,tak
skutki celiakii,20,17,36,0.11,genactiv.pl/blogs/poradnik/celiakia-co-to-jest-objawy-przyczyny,informational,tofu,tak,tak
czy mleko kozie ma kazeinę,20,15,24,0,genactiv.pl/pages/kazeina,informational,tofu,tak,tak
naturalna flora bakteryjna,20,19,46,1.07,genactiv.pl/pages/flora-bakteryjna,informational,tofu,,tak
dieta małego kota,20,17,48,1.61,genactiv.pl/blogs/futrzakopedia/czym-karmic-malego-kotka-jak-wyglada-prawidlowe-karmienie-kociat,informational,tofu,tak,tak
przebarwienia na skórze głowy,20,14,44,0,genactiv.pl/blogs/poradnik/najczestsze-problemy-skory-glowy-dziecka-sprawdz-jak-sobie-radzic-z-ciemieniucha-i-podrazniona-skora-glowy,informational,tofu,tak,tak
zakażenie bakteryjne jelit objawy,20,17,46,0,genactiv.pl/pages/zapalenie-jelit-przyczyny-objawy-leczenie,informational,tofu,tak,tak
puste jelita,20,18,46,0,genactiv.pl/blogs/poradnik/choroby-jelit-jak-je-rozpoznac-i-jak-leczyc,informational,tofu,tak,tak
pierwsza karma dla kociąt,20,14,42,4.67,genactiv.pl/blogs/futrzakopedia/czym-karmic-malego-kotka-jak-wyglada-prawidlowe-karmienie-kociat,informational,tofu,,tak
flora bakteryjna człowieka,20,14,36,0,genactiv.pl/pages/flora-bakteryjna,informational,tofu,tak,tak
co to jest kazeina w mleku,20,11,24,0,genactiv.pl/pages/kazeina,informational,tofu,tak,tak
nieprzyjemny zapach włosów u dziecka,20,11,33,0,genactiv.pl/blogs/poradnik/najczestsze-problemy-skory-glowy-dziecka-sprawdz-jak-sobie-radzic-z-ciemieniucha-i-podrazniona-skora-glowy,informational,tofu,,tak
jak karmić 3 tygodniowego kotka,20,17,28,0,genactiv.pl/blogs/futrzakopedia/czym-karmic-malego-kotka-jak-wyglada-prawidlowe-karmienie-kociat,informational,tofu,tak,tak
czym karmić 3 tygodniowego kotka,20,19,35,1.99,genactiv.pl/blogs/futrzakopedia/czym-karmic-malego-kotka-jak-wyglada-prawidlowe-karmienie-kociat,informational,tofu,tak,tak
przewlekła biegunka po antybiotyku,20,18,38,0,genactiv.pl/blogs/futrzakopedia/biegunka-u-kota-po-antybiotykach,informational,tofu,tak,tak
czym karmić miesięcznego szczeniaka,20,12,35,1.41,genactiv.pl/blogs/futrzakopedia/czym-i-jak-karmic-szczeniaka,informational,tofu,tak,tak
wczasy z kotem,20,18,22,0.18,genactiv.pl/blogs/futrzakopedia/kot-na-wakacjach-jak-zorganizowac-urlop-z-kotem,informational,tofu,tak,tak
enzymy lityczne,20,20,24,0,genactiv.pl/pages/enzymy,informational,tofu,,tak
ferrytyna funkcje,20,13,43,0,genactiv.pl/blogs/poradnik/ferrytyna-a-anemia-jaka-role-odgrywa-ferrytyna-w-zapobieganiu-i-leczeniu-anemii,informational,tofu,tak,tak
alkohol z mleka klaczy,20,17,24,0,genactiv.pl/pages/co-to-jest-mleko-klaczy,informational,tofu,tak,tak
brak bakterii w jelitach,20,16,39,0,genactiv.pl/blogs/poradnik/sibo-zespol-rozrostu-bakteryjnego-jelita-cienkiego-objawy-leczenie-przyczyny,informational,tofu,tak,tak
l tryptofan wikipedia,20,11,25,0,genactiv.pl/pages/ltryptofan-i-tryptofan-wlasciwosci-niedobor-dawkowanie,informational,tofu,,tak
colostrum visanto dla dzieci,20,14,14,0,genactiv.pl/collections/zdrowe-dziecko,informational,mofu,,tak
limfocyty definicja,20,19,38,0,genactiv.pl/pages/limfocyty,informational,tofu,tak,tak
kazeina a1,20,17,25,0,genactiv.pl/pages/kazeina,informational,tofu,tak,tak
ferrytyna a włosy forum,20,11,13,0,genactiv.pl/blogs/poradnik/wypadanie-wlosow-a-niski-poziom-ferrytyny,informational,tofu,tak,tak
eq activ saszetki,20,18,21,0.96,genactiv.pl/products/mleko-klaczy-w-30-saszetkach,informational,mofu,,tak
kwasy endogenne,20,16,36,0,genactiv.pl/pages/aminokwasy,informational,tofu,,tak
sibo jak rozpoznac,20,15,40,0.08,genactiv.pl/pages/sibo,informational,tofu,tak,tak
biegunka w czasie antybiotyku,20,19,39,0,genactiv.pl/blogs/futrzakopedia/biegunka-u-kota-po-antybiotykach,informational,tofu,tak,tak
mikrobiota fizjologiczna,20,19,37,0,genactiv.pl/pages/flora-bakteryjna,informational,tofu,,tak
gdzie jest produkowany hormon wzrostu,20,11,35,0,genactiv.pl/pages/hormony-wzrostu,informational,tofu,,tak
proenzym co to,20,16,22,0,genactiv.pl/pages/enzymy,informational,tofu,tak,tak
colostrum rano czy wieczorem,20,11,22,0,genactiv.pl/blogs/poradnik/colostrum-jak-dziala-jak-dlugo-stosowac,informational,tofu,,tak
limfocyty grasicozależne,20,13,39,0,genactiv.pl/pages/limfocyty,informational,tofu,tak,tak
mikrobiota definicja,20,11,29,0,genactiv.pl/blogs/poradnik/czym-jest-mikrobiom,informational,tofu,tak,tak
co dać kotu jak nie chce jeść,20,18,12,0,genactiv.pl/blogs/futrzakopedia/dlaczego-twoj-kot-nie-chce-jesc-przyczyny-skutki-i-sposoby-na-poprawe-apetytu,informational,tofu,tak,tak
co podawać psu na sierść,20,14,31,1.18,genactiv.pl/blogs/futrzakopedia/suplementy-dla-psa-na-siersc,informational,tofu,tak,tak
biegunka po zakończeniu antybiotyku,20,20,36,0,genactiv.pl/blogs/futrzakopedia/biegunka-u-kota-po-antybiotykach,informational,tofu,tak,tak
siara krowia colostrum,20,13,35,0,genactiv.pl/collections/odpornosc,informational,tofu,,tak
krem z siarą bydlęcą,20,20,18,0,genactiv.pl/products/krem-z-colostrum-genactiv,informational,mofu,,tak
limfocyty symbol,20,11,38,0,genactiv.pl/pages/limfocyty,informational,tofu,,tak
wapno dla psa jak podawać,20,18,24,0,genactiv.pl/blogs/futrzakopedia/co-zrobic-jesli-moj-pies-lub-kot-nie-chce-przyjmowac-suplementow-diety,informational,tofu,,tak
celiakią niedobory,20,15,33,0,genactiv.pl/blogs/poradnik/celiakia-co-to-jest-objawy-przyczyny,informational,tofu,tak,tak
czy pies może jeść szprotki w oleju,20,19,12,0,genactiv.pl/blogs/futrzakopedia/co-moze-jesc-pies-a-czego-nie-powinien-lista-produktow,informational,tofu,tak,tak
leczenie tarczycy u psa,20,12,32,0,genactiv.pl/blogs/futrzakopedia/suplementacja-psa-i-kota-przy-chorej-tarczycy,informational,tofu,tak,tak
czego nie może jeść szczeniak,20,16,28,0.06,genactiv.pl/blogs/futrzakopedia/co-moze-jesc-pies-a-czego-nie-powinien-lista-produktow,informational,tofu,tak,tak
hormon wzrostu wady i zalety,20,18,33,0,genactiv.pl/pages/hormony-wzrostu,informational,tofu,,tak
co na porost sierści u psa,20,17,18,0.5,genactiv.pl/blogs/futrzakopedia/suplementy-dla-psa-na-siersc,informational,tofu,,tak
jak karmić małego kotka butelką,20,17,37,0.56,genactiv.pl/blogs/futrzakopedia/czym-karmic-malego-kotka-jak-wyglada-prawidlowe-karmienie-kociat,informational,tofu,tak,tak
co z kotem na wakacje,20,13,31,0,genactiv.pl/blogs/futrzakopedia/co-zrobic-z-kotem-na-czas-wyjazdu,informational,tofu,tak,tak
tryptofan jaka dawka,20,19,32,0,genactiv.pl/pages/ltryptofan-i-tryptofan-wlasciwosci-niedobor-dawkowanie,informational,tofu,,tak
co zrobić gdy pies ma chorobę lokomocyjną,20,13,17,0.09,genactiv.pl/blogs/futrzakopedia/choroba-lokomocyjna-u-psa-i-kota-jak-temu-zaradzic,informational,tofu,tak,tak
sposob na koty chodzace po aucie,20,15,17,0,genactiv.pl/blogs/futrzakopedia/czemu-kot-miauczy-w-aucie-przyczyny-i-sposoby-na-uspokojenie,informational,tofu,tak,tak
ciepły posiłek dla psa,20,18,32,0,genactiv.pl/blogs/futrzakopedia/dieta-psa-w-letnie-upaly-jak-karmic-psa-w-czasie-goracych-dni,informational,tofu,tak,tak
jak myć dziecku glowe bez placzu,20,11,19,0,genactiv.pl/blogs/poradnik/jak-myc-skore-glowy-i-wlosy-dziecku-najczestsze-bledy-i-polecane-sposoby-okiem-trychologa,informational,tofu,tak,tak
igf 1 podwyższone,20,17,29,0,genactiv.pl/pages/igf-1-co-to-jest-i-jaka-funkcje-pelni-w-organizmie,informational,tofu,tak,tak
ile razy dziennie karmić 4 miesięcznego psa,20,19,29,0,genactiv.pl/blogs/futrzakopedia/ile-razy-dziennie-karmic-psa-jak-czesto-powinien-jesc-pies,informational,tofu,tak,tak
igf 1 jak zwiększyć poziom igf 1,20,17,25,0,genactiv.pl/pages/igf-1-co-to-jest-i-jaka-funkcje-pelni-w-organizmie,informational,tofu,,tak
colostrum smilk opinie,20,17,23,0,genactiv.pl/pages/opinie-o-colostrum,informational,mofu,,tak
dwunastopak na brzuchu,20,11,19,0,genactiv.pl/pages/plaski-brzuch,informational,tofu,,tak
czy kurczak uczula psa,20,17,24,0,genactiv.pl/blogs/futrzakopedia/alergie-pokarmowe-u-psow-i-kotow-krore-miesa-sa-najbardziej-uczulajace,informational,tofu,tak,tak
aminokwasy egzogenne są produkowane przez organizm,20,20,26,0,genactiv.pl/pages/aminokwasy,informational,tofu,,tak
colostrum na czczo,20,11,26,0,genactiv.pl/blogs/poradnik/colostrum-jak-dziala-jak-dlugo-stosowac,informational,tofu,tak,tak
sibo zapach z ust,20,19,18,0,genactiv.pl/pages/sibo,informational,tofu,,tak
problemy gastryczne jak leczyć,20,19,36,0,genactiv.pl/blogs/poradnik/choroby-jelit-jak-je-rozpoznac-i-jak-leczyc,informational,tofu,tak,tak
mikroorganizmy co to,20,15,34,0,genactiv.pl/blogs/poradnik/czym-jest-mikrobiom,informational,tofu,tak,tak
colostrum coral club,20,19,16,0,genactiv.pl/collections/colostrum,transactional,mofu,,
hcg hormon wzrostu,20,18,40,0,genactiv.pl/pages/hormony-wzrostu,informational,tofu,,tak
colostrum junior pan tabletka,20,11,31,0,genactiv.pl/collections/produkty-dla-dzieci,informational,mofu,,tak
igf 1 u dzieci,20,15,0,0,genactiv.pl/pages/igf-1-co-to-jest-i-jaka-funkcje-pelni-w-organizmie,informational,tofu,tak,tak
hormon wzrostu androchem,20,13,21,0,genactiv.pl/pages/hormony-wzrostu,informational,mofu,,
czy w maśle jest kazeina,20,18,26,0,genactiv.pl/pages/kazeina,informational,tofu,tak,tak
jak zbudowane są enzymy,20,14,35,0,genactiv.pl/pages/enzymy,informational,tofu,tak,tak
socjalizacja kota w nowym domu,20,14,27,0.84,genactiv.pl/blogs/futrzakopedia/kot-w-nowym-domu-jak-dlugo-trwa-proces-aklimatyzacji,informational,tofu,tak,tak
equamil opinie,20,17,20,0,genactiv.pl › collections › mleko-klaczy/,informational,mofu,tak,
rozpulchnione jelita,20,20,41,0,genactiv.pl/blogs/poradnik/choroby-jelit-jak-je-rozpoznac-i-jak-leczyc,informational,tofu,tak,tak
białka występujące w mleku to,20,11,32,0,genactiv.pl/pages/kazeina,informational,tofu,tak,tak
jakie mięso dla alergika,20,12,25,0,genactiv.pl/blogs/futrzakopedia/alergie-pokarmowe-u-psow-i-kotow-krore-miesa-sa-najbardziej-uczulajace,informational,tofu,tak,tak
l tryptofan w jedzeniu,20,18,0,0,genactiv.pl/pages/ltryptofan-i-tryptofan-wlasciwosci-niedobor-dawkowanie,informational,tofu,tak,tak
jakie witaminy na sierść dla psa,20,20,29,1.58,genactiv.pl/blogs/futrzakopedia/suplementy-dla-psa-na-siersc,informational,tofu,,tak
badanie igf 1 normy,20,15,0,0,genactiv.pl/pages/igf-1-co-to-jest-i-jaka-funkcje-pelni-w-organizmie,informational,tofu,tak,tak
kotka po porodzie nie chce jeść,10,13,27,0,genactiv.pl/blogs/futrzakopedia/dlaczego-twoj-kot-nie-chce-jesc-przyczyny-skutki-i-sposoby-na-poprawe-apetytu,informational,tofu,,tak
niedobór bakterii jelitowych objawy,10,12,36,0,genactiv.pl/blogs/poradnik/sibo-zespol-rozrostu-bakteryjnego-jelita-cienkiego-objawy-leczenie-przyczyny,informational,tofu,tak,tak
od kiedy można karmić małe kotki,10,20,40,0,genactiv.pl/blogs/futrzakopedia/czym-karmic-malego-kotka-jak-wyglada-prawidlowe-karmienie-kociat,informational,tofu,,tak
łupież u dziecka 11 lat,10,12,17,0,genactiv.pl/blogs/poradnik/wiesz-ze-sa-dwa-rodzaje-lupiezu-sprawdz-ktory-ma-twoje-dziecko-i-dobierz-pielegnacje,informational,tofu,tak,tak
flora fizjologiczna przewodu pokarmowego,10,15,30,0,genactiv.pl/pages/flora-bakteryjna,informational,tofu,tak,tak
biegunka u tygodniowego szczeniaka,10,15,23,0,genactiv.pl/blogs/futrzakopedia/biegunka-u-szczeniat-jak-sobie-z-nia-radzic,informational,tofu,tak,tak
swędząca głowa u niemowlaka,10,15,23,0,genactiv.pl/blogs/poradnik/najczestsze-problemy-skory-glowy-dziecka-sprawdz-jak-sobie-radzic-z-ciemieniucha-i-podrazniona-skora-glowy,informational,tofu,tak,tak
ipegaz logowanie dla agentów,10,12,26,0,genactiv.pl/account/login,,,,tak
celiakia ukryta,10,12,34,0,genactiv.pl/blogs/poradnik/celiakia-co-to-jest-objawy-przyczyny,informational,tofu,,tak
czy kazeina jest w jogurcie,10,19,24,0,genactiv.pl/pages/kazeina,informational,tofu,tak,tak
łupież u dwulatka,10,11,32,0,genactiv.pl/blogs/poradnik/wiesz-ze-sa-dwa-rodzaje-lupiezu-sprawdz-ktory-ma-twoje-dziecko-i-dobierz-pielegnacje,informational,tofu,tak,tak
jak karmić psa ile razy dziennie,10,18,36,1.44,genactiv.pl/blogs/futrzakopedia/ile-razy-dziennie-karmic-psa-jak-czesto-powinien-jesc-pies,informational,tofu,,tak
colostrum pro opinie,10,19,26,0,genactiv.pl/pages/opinie-o-colostrum,informational,mofu,,tak
czarny bez dla niemowlaka,10,15,40,0,genactiv.pl/collections/colostrum-junior-czarny-bez-genactiv,informational,tofu,,tak
microbiome po polsku,10,11,23,0,genactiv.pl/blogs/poradnik/czym-jest-mikrobiom,informational,tofu,tak,tak
od kiedy dokarmiać kocięta,10,15,31,0,genactiv.pl/blogs/futrzakopedia/czym-karmic-malego-kotka-jak-wyglada-prawidlowe-karmienie-kociat,informational,tofu,tak,tak
trunek z mleka klaczy,10,18,16,0,genactiv.pl/pages/co-to-jest-mleko-klaczy,informational,tofu,tak,tak
tryptofan w pokarmach,10,19,31,0,genactiv.pl/pages/ltryptofan-i-tryptofan-wlasciwosci-niedobor-dawkowanie,informational,tofu,tak,tak
mikrobiom sposób na pokonanie chorób,10,17,8,0,genactiv.pl/blogs/poradnik/czym-jest-mikrobiom,informational,tofu,,tak
kazeina szkodliwa dla zdrowia,10,20,18,0,genactiv.pl/pages/kazeina,informational,tofu,tak,tak
przeprowadzka kota z mieszkania do domu,10,15,13,0,genactiv.pl/blogs/futrzakopedia/przeprowadzka-z-kotem-jak-sie-do-niej-przygotowac,informational,tofu,tak,tak
enzymy wikipedia,10,11,24,0,genactiv.pl/pages/enzymy,informational,tofu,,tak
czym żywi się pies,10,16,26,0,genactiv.pl/blogs/futrzakopedia/co-moze-jesc-pies-a-czego-nie-powinien-lista-produktow,informational,tofu,,tak
czym karmić małe szczeniaki,10,13,45,2.22,genactiv.pl/blogs/futrzakopedia/czym-i-jak-karmic-szczeniaka,informational,tofu,tak,tak
biegunka u kota jak leczyć,10,13,31,0.36,genactiv.pl/blogs/futrzakopedia/biegunka-u-kota-po-antybiotykach,informational,tofu,tak,tak
aminokwasy w organizmie,10,19,48,0,genactiv.pl/pages/aminokwasy,informational,tofu,tak,tak
jak szybko uzupełnić niedobór ferrytyny,10,19,26,0,genactiv.pl/blogs/poradnik/ferrytyna-a-zmeczenie-czy-niski-poziom-ferrytyny-moze-byc-przyczyna-chronicznego-zmeczenia,informational,tofu,tak,tak
encorton dla psa na stawy,10,14,25,0,genactiv.pl/blogs/futrzakopedia/czy-mozna-stosowac-bez-przerw-suplementy-na-stawy-u-psow,informational,tofu,,tak
czego nie wolno dawać psu,10,20,33,0.07,genactiv.pl/blogs/futrzakopedia/co-moze-jesc-pies-a-czego-nie-powinien-lista-produktow,informational,tofu,,tak
colostrum alpha opinie,10,16,16,1.22,genactiv.pl/pages/opinie-o-colostrum,informational,mofu,,tak
choroby układu trawienia,10,15,42,0,genactiv.pl/blogs/poradnik/choroby-jelit-jak-je-rozpoznac-i-jak-leczyc,informational,tofu,tak,tak
co na suchą skórę głowy niemowlaka,10,11,28,0,genactiv.pl/blogs/poradnik/najczestsze-problemy-skory-glowy-dziecka-sprawdz-jak-sobie-radzic-z-ciemieniucha-i-podrazniona-skora-glowy,informational,tofu,tak,tak
przerost flory bakteryjnej a probiotyki,10,18,17,0,genactiv.pl/blogs/poradnik/sibo-zespol-rozrostu-bakteryjnego-jelita-cienkiego-objawy-leczenie-przyczyny,informational,tofu,tak,tak
zaleganie w jelitach objawy,10,14,34,0,genactiv.pl/blogs/poradnik/choroby-jelit-jak-je-rozpoznac-i-jak-leczyc,informational,tofu,tak,tak
antygen m,10,11,30,0,genactiv.pl/pages/immunoglobuliny-m-i-g,informational,tofu,tak,tak
colostrum 400mg,10,13,26,0,genactiv.pl/collections/colostrum,transactional,bofu,,tak
czynnik igf 1,10,15,34,0,genactiv.pl/pages/igf-1-co-to-jest-i-jaka-funkcje-pelni-w-organizmie,informational,tofu,tak,tak
ile razy pies ma jesc,10,14,23,1.4,genactiv.pl/blogs/futrzakopedia/ile-razy-dziennie-karmic-psa-jak-czesto-powinien-jesc-pies,informational,tofu,tak,tak
produkty o niskim ph,10,13,40,0,genactiv.pl/pages/ph-skory,informational,tofu,,tak
rany na głowie u dziecka,10,13,41,0,genactiv.pl/blogs/poradnik/najczestsze-problemy-skory-glowy-dziecka-sprawdz-jak-sobie-radzic-z-ciemieniucha-i-podrazniona-skora-glowy,informational,tofu,tak,tak
rutinacea dla psa,10,11,24,0,genactiv.pl/blogs/futrzakopedia/czy-moge-laczyc-rozne-suplementy-diety-dla-mojego-psa-lub-kota,informational,tofu,,tak
flora fizjologiczna człowieka,10,16,32,0,genactiv.pl/pages/flora-bakteryjna,informational,tofu,,tak
celiakia objawy u dorosłego,10,11,38,0.17,genactiv.pl/blogs/poradnik/celiakia-co-to-jest-objawy-przyczyny,informational,tofu,tak,tak
jak usunąć łupież u dziecka,10,15,33,0.98,genactiv.pl/blogs/poradnik/wiesz-ze-sa-dwa-rodzaje-lupiezu-sprawdz-ktory-ma-twoje-dziecko-i-dobierz-pielegnacje,informational,tofu,tak,tak
biegunka u kota smecta,10,17,22,0,genactiv.pl/blogs/futrzakopedia/biegunka-u-kota-po-antybiotykach,informational,tofu,,tak
uczulenie na indyka,10,11,24,0,genactiv.pl/blogs/futrzakopedia/alergie-pokarmowe-u-psow-i-kotow-krore-miesa-sa-najbardziej-uczulajace,informational,tofu,,tak
lśniąca skóra,10,15,46,0,genactiv.pl/blogs/futrzakopedia/zdrowa-skora-lsniaca-siersc-odpowiednia-suplementacja,informational,tofu,tak,tak
schodząca skóra z głowy niemowlaka,10,13,26,0,genactiv.pl/blogs/poradnik/najczestsze-problemy-skory-glowy-dziecka-sprawdz-jak-sobie-radzic-z-ciemieniucha-i-podrazniona-skora-glowy,informational,tofu,,tak
zywienie malego kotka,10,12,35,1.6,genactiv.pl/blogs/futrzakopedia/czym-karmic-malego-kotka-jak-wyglada-prawidlowe-karmienie-kociat,informational,tofu,tak,tak
wyjazd z kotem na wakacje,10,16,22,0,genactiv.pl/blogs/futrzakopedia/kot-na-wakacjach-jak-zorganizowac-urlop-z-kotem,informational,tofu,tak,tak
łupież u 7 latki,10,11,23,0,genactiv.pl/blogs/poradnik/wiesz-ze-sa-dwa-rodzaje-lupiezu-sprawdz-ktory-ma-twoje-dziecko-i-dobierz-pielegnacje,informational,tofu,,tak
hematologia lym,10,18,43,0,genactiv.pl/pages/limfocyty,informational,tofu,tak,tak
karmienie młodego kota,10,11,49,2.17,genactiv.pl/blogs/futrzakopedia/czym-karmic-malego-kotka-jak-wyglada-prawidlowe-karmienie-kociat,informational,tofu,tak,tak
sucha skóra głowy w ciąży,10,19,42,0,genactiv.pl/blogs/poradnik/sucha-skora-glowy-problem-ktory-mozna-latwo-wyeliminowac-sprawdz-jak,informational,tofu,tak,tak
enzymy celulolityczne,10,15,21,0,genactiv.pl/pages/enzymy,informational,tofu,,tak
alergia na kazeinę czego nie jeść,10,19,26,0.86,genactiv.pl/pages/kazeina,informational,tofu,tak,tak
łuszcząca się skóra głowy u niemowlaka,10,17,26,0,genactiv.pl/blogs/poradnik/najczestsze-problemy-skory-glowy-dziecka-sprawdz-jak-sobie-radzic-z-ciemieniucha-i-podrazniona-skora-glowy,informational,tofu,tak,tak
alergia na kurczaka objawy,10,15,22,0,genactiv.pl/blogs/futrzakopedia/alergie-pokarmowe-u-psow-i-kotow-krore-miesa-sa-najbardziej-uczulajace,informational,tofu,,tak
ile powinien jeść stary pies,10,15,24,2.46,genactiv.pl/blogs/futrzakopedia/ile-razy-dziennie-karmic-psa-jak-czesto-powinien-jesc-pies,informational,tofu,tak,tak
rozwolnienie u szczeniaka owczarka niemieckiego,10,11,31,0,genactiv.pl/blogs/futrzakopedia/biegunka-u-szczeniat-jak-sobie-z-nia-radzic,informational,tofu,tak,tak
na stawy dla psa forum,10,13,12,0,genactiv.pl/blogs/futrzakopedia/czy-mozna-stosowac-bez-przerw-suplementy-na-stawy-u-psow,informational,tofu,tak,tak
mieszanie suchej karmy z gotowanym,10,18,19,0,genactiv.pl/blogs/futrzakopedia/czy-laczenie-karmy-mokrej-i-suchej-jest-zdrowe-dla-psa,informational,tofu,tak,tak
jak rozpoznać celiakię u dorosłych,10,11,25,0.29,genactiv.pl/blogs/poradnik/celiakia-co-to-jest-objawy-przyczyny,informational,tofu,tak,tak
zapalenie jelit objawy leczenie,10,11,44,0,genactiv.pl/pages/zapalenie-jelit-przyczyny-objawy-leczenie,informational,tofu,tak,tak
igf 1 działanie,10,12,28,0,genactiv.pl/pages/igf-1-co-to-jest-i-jaka-funkcje-pelni-w-organizmie,informational,tofu,tak,tak
dekarboksylacja tryptofanu,10,15,23,0,genactiv.pl/pages/ltryptofan-i-tryptofan-wlasciwosci-niedobor-dawkowanie,informational,tofu,tak,tak
czarny bez po wlosku,10,17,20,0,genactiv.pl/pages/czarny-bez,informational,tofu,,tak
łupież u dziecka 10 letniego,10,12,28,0,genactiv.pl/blogs/poradnik/wiesz-ze-sa-dwa-rodzaje-lupiezu-sprawdz-ktory-ma-twoje-dziecko-i-dobierz-pielegnacje,informational,tofu,tak,tak
tryptofan w żywności,10,13,35,0,genactiv.pl/pages/ltryptofan-i-tryptofan-wlasciwosci-niedobor-dawkowanie,informational,tofu,,tak
przeprowadzka z kotem do nowego domu,10,13,21,0,genactiv.pl/blogs/futrzakopedia/przeprowadzka-z-kotem-jak-sie-do-niej-przygotowac,informational,tofu,tak,tak
nadrodzina immunoglobulin,10,13,17,0,genactiv.pl/pages/immunoglobuliny-m-i-g,informational,tofu,,tak
eq activ,10,17,39,0,genactiv.pl/collections/mleko-klaczy,informational,mofu,tak,tak
swedzenie z tylu glowy u dziecka,10,12,24,0,genactiv.pl/blogs/poradnik/najczestsze-problemy-skory-glowy-dziecka-sprawdz-jak-sobie-radzic-z-ciemieniucha-i-podrazniona-skora-glowy,informational,tofu,,tak
ekstrakt z brzoskwini,10,11,24,0,genactiv.pl/products/colostrum-z-brzoskwinia-proszek-60-g,informational,tofu,,tak
colostrum alpha dla dzieci,10,17,12,0,genactiv.pl/collections/produkty-dla-dzieci,informational,mofu,,tak
napój z kobylego mleka,10,14,20,0,genactiv.pl/pages/co-to-jest-mleko-klaczy,informational,tofu,,tak
leukocyty co to takiego,10,16,36,0,genactiv.pl/pages/leukocyty-czym-sa-jakie-sa-objawy-niedoboru-i-nadmiaru,informational,tofu,tak,tak
co oznacza lym w morfologii krwi,10,11,31,0,genactiv.pl/pages/limfocyty,informational,tofu,tak,tak
co jest dobre na siersc psa,10,12,28,1.62,genactiv.pl/blogs/futrzakopedia/suplementy-dla-psa-na-siersc,informational,tofu,tak,tak
biegunka u kota po mleku,10,13,30,0,genactiv.pl/blogs/futrzakopedia/biegunka-u-kota-po-zmianie-karmy,informational,tofu,tak,tak
rola aminokwasów w organizmie,10,19,33,0,genactiv.pl/pages/aminokwasy,informational,tofu,tak,tak
ostre zapalenie jelit objawy,10,14,37,0,genactiv.pl/pages/zapalenie-jelit-przyczyny-objawy-leczenie,informational,tofu,tak,tak
colostrum szwajcarskie,10,13,18,0,genactiv.pl/collections/colostrum,transactional,bofu,,tak
łupież u dziewczynki 10 lat,10,12,23,0,genactiv.pl/blogs/poradnik/wiesz-ze-sa-dwa-rodzaje-lupiezu-sprawdz-ktory-ma-twoje-dziecko-i-dobierz-pielegnacje,informational,tofu,tak,tak
jak karmić szczeniaka kundelka,10,12,36,2.8,genactiv.pl/blogs/futrzakopedia/czym-i-jak-karmic-szczeniaka,informational,tofu,tak,tak
uszkodzone jelita,10,14,44,0,genactiv.pl/blogs/poradnik/choroby-jelit-jak-je-rozpoznac-i-jak-leczyc,informational,tofu,tak,tak
leukocyty 14000,10,19,39,0,genactiv.pl/pages/leukocyty-czym-sa-jakie-sa-objawy-niedoboru-i-nadmiaru,informational,tofu,tak,tak
colostrum dla sportowców,10,15,23,0.31,genactiv.pl/collections/colostrum,informational,tofu,,tak
hormon wzrostu z chin,10,20,18,0,genactiv.pl/pages/hormony-wzrostu,informational,tofu,,tak
colostrum 100,10,11,35,0,genactiv.pl/collections/colostrum,informational,mofu,,tak
liofilizacja wady,10,13,23,0,genactiv.pl/pages/liofilizacja-co-to-znaczy,informational,tofu,tak,tak
przeciwciala igm normy,10,13,33,0,genactiv.pl/pages/immunoglobuliny-m-i-g,informational,tofu,tak,tak
celiakia susp co to znaczy,10,11,23,0,genactiv.pl/blogs/poradnik/celiakia-co-to-jest-objawy-przyczyny,informational,tofu,,tak
enzymos,10,11,21,0,genactiv.pl/pages/enzymy,navigational,tofu,,
łupież u 6 letniego dziecka,10,13,28,0,genactiv.pl/blogs/poradnik/wiesz-ze-sa-dwa-rodzaje-lupiezu-sprawdz-ktory-ma-twoje-dziecko-i-dobierz-pielegnacje,informational,tofu,,tak
flora mieszana,10,14,30,0,genactiv.pl/pages/flora-bakteryjna,informational,tofu,tak,tak
biegunka u szczeniaka buldoga francuskiego,10,13,26,0,genactiv.pl/blogs/futrzakopedia/biegunka-u-szczeniat-jak-sobie-z-nia-radzic,informational,tofu,tak,tak
choroby skóry głowy u niemowląt,10,16,34,0,genactiv.pl/blogs/poradnik/najczestsze-problemy-skory-glowy-dziecka-sprawdz-jak-sobie-radzic-z-ciemieniucha-i-podrazniona-skora-glowy,informational,tofu,,tak
czym karmić szczeniaka jack russell terrier,10,20,18,0,genactiv.pl/blogs/futrzakopedia/czym-i-jak-karmic-szczeniaka,informational,tofu,tak,tak
leukocyty b,10,17,44,0,genactiv.pl/pages/leukocyty-czym-sa-jakie-sa-objawy-niedoboru-i-nadmiaru,informational,tofu,,tak
mleko kolostralne,10,12,33,0,genactiv.pl/blogs/poradnik/colostrum-jak-dziala-jak-dlugo-stosowac,informational,tofu,,tak
czynnik wzrostu fgf,10,16,22,0,genactiv.pl/pages/egf-naskorkowy-czynnik-wzrostu,informational,tofu,tak,tak
żelazo na porost włosów,10,13,28,1.05,genactiv.pl/blogs/poradnik/wypadanie-wlosow-a-niski-poziom-ferrytyny,informational,tofu,tak,tak
tryptofan ulotka,10,18,40,0.31,genactiv.pl/pages/ltryptofan-i-tryptofan-wlasciwosci-niedobor-dawkowanie,informational,tofu,,tak
dysbioza jelit dieta,10,16,29,0,genactiv.pl/blogs/poradnik/jak-dysbioza-jelitowa-wplywa-na-caly-organizm,informational,tofu,tak,tak
biegunka u kota brytyjskiego,10,11,26,0,genactiv.pl/blogs/futrzakopedia/biegunka-u-kota-po-antybiotykach,informational,tofu,tak,tak
dlaczego szczeniak ma rozwolnienie,10,19,32,0,genactiv.pl/blogs/futrzakopedia/biegunka-u-szczeniat-jak-sobie-z-nia-radzic,informational,tofu,tak,tak
celiakia ile osób choruje,10,14,28,0,genactiv.pl/blogs/poradnik/celiakia-co-to-jest-objawy-przyczyny,informational,tofu,tak,tak
zatarcie obrazu przez leukocyty,10,20,18,0,genactiv.pl/pages/leukocyty-czym-sa-jakie-sa-objawy-niedoboru-i-nadmiaru,informational,tofu,tak,tak
łupież u dziecka 4 letniego,10,12,28,0,genactiv.pl/blogs/poradnik/wiesz-ze-sa-dwa-rodzaje-lupiezu-sprawdz-ktory-ma-twoje-dziecko-i-dobierz-pielegnacje,informational,tofu,tak,tak
jak nawilzyc skore glowy dziecka,10,14,34,0,genactiv.pl/blogs/poradnik/najczestsze-problemy-skory-glowy-dziecka-sprawdz-jak-sobie-radzic-z-ciemieniucha-i-podrazniona-skora-glowy,informational,tofu,tak,tak
stres u kota leczenie,10,12,26,0,genactiv.pl/blogs/futrzakopedia/kot-i-goscie-6-zasad-ktore-pomoga-zmniejszyc-koci-stres,informational,tofu,,tak
brudne jelita,10,20,43,0,genactiv.pl/blogs/poradnik/choroby-jelit-jak-je-rozpoznac-i-jak-leczyc,informational,tofu,tak,tak
gnicie jelit objawy,10,11,33,0,genactiv.pl/blogs/poradnik/choroby-jelit-jak-je-rozpoznac-i-jak-leczyc,informational,tofu,tak,tak
podejrzenie choroby trzewnej,10,13,32,0.11,genactiv.pl/blogs/poradnik/celiakia-co-to-jest-objawy-przyczyny,informational,tofu,tak,tak
karma na stawy dla kota,10,16,11,1.69,genactiv.pl/blogs/futrzakopedia/suplementy-dla-kota-na-stawy,transactional,bofu,,tak
jaki hormon wzrostu wybrac,10,16,33,0,genactiv.pl/pages/hormony-wzrostu,informational,mofu,,tak
sucha swędząca skóra głowy u dziecka,10,11,31,0,genactiv.pl/blogs/poradnik/najczestsze-problemy-skory-glowy-dziecka-sprawdz-jak-sobie-radzic-z-ciemieniucha-i-podrazniona-skora-glowy,informational,tofu,tak,tak
colostrum direct,10,11,33,0.31,genactiv.pl/collections/colostrum,informational,mofu,,tak
co na stawy dla starszego psa,10,11,42,8.2,genactiv.pl/blogs/futrzakopedia/suplementy-dla-psa-seniora,informational,tofu,,tak
produkty zawierające kazeinę,10,13,31,0,genactiv.pl/pages/kazeina,informational,tofu,,tak
gdzie kupic kazeine,10,15,22,0,genactiv.pl/pages/kazeina,transactional,bofu,,tak
kazeina klej,10,17,24,0,genactiv.pl/pages/kazeina,informational,tofu,,tak
colostrum w kosmetyce,10,12,23,0,genactiv.pl/products/krem-z-colostrum-genactiv,informational,tofu,tak,tak
celiakia powikłania,10,11,32,0,genactiv.pl/blogs/poradnik/celiakia-co-to-jest-objawy-przyczyny,informational,tofu,tak,tak
patologia jelita grubego,10,12,40,0,genactiv.pl/blogs/poradnik/choroby-jelit-jak-je-rozpoznac-i-jak-leczyc,informational,tofu,tak,tak
długa podróż z kotem,10,14,34,0,genactiv.pl/blogs/futrzakopedia/czy-podrozowanie-z-kotem-jest-mozliwe,informational,tofu,tak,tak
jak oswoić małego kotka w nowym domu,10,11,18,0,genactiv.pl/blogs/futrzakopedia/kot-w-nowym-domu-jak-dlugo-trwa-proces-aklimatyzacji,informational,tofu,tak,tak
źródła tryptofanu w diecie,10,18,33,0,genactiv.pl/pages/ltryptofan-i-tryptofan-wlasciwosci-niedobor-dawkowanie,informational,tofu,tak,tak
tryptofan w pożywieniu,10,18,35,0,genactiv.pl/pages/ltryptofan-i-tryptofan-wlasciwosci-niedobor-dawkowanie,informational,tofu,tak,tak
colostrum cavalli opinie,10,13,21,0,genactiv.pl/pages/opinie-o-colostrum,informational,mofu,,tak
siara wołowa,10,19,35,0,genactiv.pl/collections/odpornosc,informational,tofu,tak,tak
wydzielanie hormonu wzrostu podczas snu,10,14,33,0,genactiv.pl/pages/hormony-wzrostu,informational,tofu,,tak
zapalenie układu pokarmowego objawy,10,19,44,0,genactiv.pl/blogs/poradnik/choroby-jelit-jak-je-rozpoznac-i-jak-leczyc,informational,tofu,tak,tak
grh hormon,10,11,26,0,genactiv.pl/pages/hormony-wzrostu,informational,tofu,,tak
igm co to znaczy,10,13,29,0,genactiv.pl/pages/immunoglobuliny-m-i-g,informational,tofu,tak,tak
limfocyty segmentowane,10,18,39,0,genactiv.pl/pages/limfocyty,informational,tofu,tak,tak
mikrobiota jelitowa co to jest,10,17,24,0,genactiv.pl/pages/mikrobiota-jelitowa-co-to-jest-i-jej-wplyw-na-organizm-czlowieka,informational,tofu,,tak
czy mozna psu mieszac karmy,10,13,24,2.44,genactiv.pl/blogs/futrzakopedia/czy-laczenie-karmy-mokrej-i-suchej-jest-zdrowe-dla-psa,informational,tofu,tak,tak
ferrytyna bydlęca,10,14,25,0,genactiv.pl/blogs/poradnik/ferrytyna-u-sportowcow-jak-poziomy-zelaza-i-ferrytyny-wplywaja-na-wydolnosc-fizyczna,informational,tofu,tak,tak
sterydy dla psa na mięśnie,10,13,17,0,genactiv.pl/blogs/futrzakopedia/suplementy-dla-psa-na-miesnie,informational,tofu,,tak
siara mleko krowie,10,16,35,0,genactiv.pl/collections/mleko-klaczy,informational,tofu,,tak
hormon wzrostu czy urosne,10,11,34,0,genactiv.pl/pages/hormony-wzrostu,informational,tofu,,tak
czy celiakia to poważna choroba,10,15,25,0,genactiv.pl/blogs/poradnik/celiakia-co-to-jest-objawy-przyczyny,informational,tofu,tak,tak
pierwszy dzień kotka w nowym domu,10,14,26,0,genactiv.pl/blogs/futrzakopedia/kot-w-nowym-domu-jak-dlugo-trwa-proces-aklimatyzacji,informational,tofu,tak,tak
jak dbać o flore jelitowa,10,14,28,0.49,genactiv.pl/pages/flora-jelitowa,informational,tofu,,tak
sztywne włosy u dziecka,10,17,35,0,genactiv.pl/blogs/poradnik/najczestsze-problemy-skory-glowy-dziecka-sprawdz-jak-sobie-radzic-z-ciemieniucha-i-podrazniona-skora-glowy,informational,tofu,tak,tak
laktoferyna czy działa,10,11,29,0,genactiv.pl/pages/laktoferyna,informational,tofu,,tak
czy można mieszać suchą karmę z mięsem,10,18,11,0,genactiv.pl/blogs/futrzakopedia/czy-laczenie-karmy-mokrej-i-suchej-jest-zdrowe-dla-psa,informational,tofu,tak,tak
niemowlę sucha skóra na głowie,10,12,33,0,genactiv.pl/blogs/poradnik/najczestsze-problemy-skory-glowy-dziecka-sprawdz-jak-sobie-radzic-z-ciemieniucha-i-podrazniona-skora-glowy,informational,tofu,tak,tak
aminokwas glukogenny,10,18,33,0,genactiv.pl/pages/aminokwasy,informational,tofu,tak,tak
jak wzmocnić psa,10,12,30,0,genactiv.pl/blogs/futrzakopedia/jak-podniesc-odpornosc-u-psa-w-okresie-jesienno-zimowym,informational,tofu,tak,tak
czym karmić szczeniaka 4 miesięcznego,10,20,38,2.21,genactiv.pl/blogs/futrzakopedia/czym-i-jak-karmic-szczeniaka,informational,tofu,tak,tak
zioła na przerost flory bakteryjnej,10,14,17,0,genactiv.pl/blogs/poradnik/sibo-zespol-rozrostu-bakteryjnego-jelita-cienkiego-objawy-leczenie-przyczyny,informational,tofu,,tak
jak oduczyć kota wchodzenia na samochód,10,18,8,0,genactiv.pl/blogs/futrzakopedia/kot-a-jazda-autem-jak-przyzwyczaic-kota-do-podrozy-samochodem,informational,tofu,tak,tak
colostrum zamiennik,10,14,25,0,genactiv.pl/collections/odpornosc,informational,mofu,,tak
hormon wzrostu na stawy,10,11,36,0,genactiv.pl/pages/hormony-wzrostu,informational,tofu,tak,tak
jak myc glowe rocznemu dziecku,10,15,14,0,genactiv.pl/blogs/poradnik/jak-myc-skore-glowy-i-wlosy-dziecku-najczestsze-bledy-i-polecane-sposoby-okiem-trychologa,informational,tofu,,tak
liofilizacja zalety,10,15,29,0,genactiv.pl/pages/liofilizacja-co-to-znaczy,informational,tofu,tak,tak
nowy kociak w domu,10,13,41,2.82,genactiv.pl/blogs/futrzakopedia/kot-w-nowym-domu-jak-dlugo-trwa-proces-aklimatyzacji,informational,tofu,tak,tak
czy podawać psu witaminę d3,10,18,19,0,genactiv.pl/blogs/futrzakopedia/jak-czesto-podawac-psom-suplementy-diety,informational,tofu,tak,tak
celiakia 3 stopnia,10,14,35,0.07,genactiv.pl/blogs/poradnik/celiakia-co-to-jest-objawy-przyczyny,informational,tofu,tak,tak
co to są limfocyty w morfologii,10,18,31,0,genactiv.pl/pages/limfocyty,informational,tofu,tak,tak
mikrobiota jelitowa dieta,10,13,24,0,genactiv.pl/pages/mikrobiota-jelitowa-co-to-jest-i-jej-wplyw-na-organizm-czlowieka,informational,tofu,tak,tak
citrobacter objawy,10,11,33,0,genactiv.pl/blogs/poradnik/sibo-zespol-rozrostu-bakteryjnego-jelita-cienkiego-objawy-leczenie-przyczyny,informational,tofu,tak,tak
zapalenie jelit objawy u dorosłych,10,14,41,0,genactiv.pl/blogs/poradnik/choroby-jelit-jak-je-rozpoznac-i-jak-leczyc,informational,unknown,,tak
co to sa przeciwciala igg i igm,10,12,29,0,genactiv.pl/pages/immunoglobuliny-m-i-g,informational,tofu,tak,tak
colosregen maska allegro,10,14,14,0,genactiv.pl/products/maska-z-colostrum-genactiv-250-ml,transactional,bofu,,
ile rutinoscorbinu dla psa,10,19,23,0,genactiv.pl/blogs/futrzakopedia/jak-czesto-podawac-psom-suplementy-diety,informational,unknown,,tak
odbudowa jelita grubego,10,16,38,0,genactiv.pl/pages/flora-jelitowa,informational,tofu,tak,tak
czarny bez dla niemowląt,10,14,40,0,genactiv.pl/collections/colostrum-junior-czarny-bez-genactiv,informational,tofu,,tak
igf 1 hormone,10,18,48,0,genactiv.pl/pages/igf-1-co-to-jest-i-jaka-funkcje-pelni-w-organizmie,informational,tofu,,tak
maternatura maska,10,17,16,0.39,genactiv.pl/products/maska-z-colostrum-genactiv-250-ml,informational,mofu,,tak
tryptofan interakcje,10,16,32,0,genactiv.pl/pages/ltryptofan-i-tryptofan-wlasciwosci-niedobor-dawkowanie,informational,tofu,,tak
czy mozna zostawic kota na 4 dni,10,13,15,0,genactiv.pl/blogs/futrzakopedia/co-zrobic-z-kotem-na-czas-wyjazdu,informational,tofu,tak,tak
igf 1 protein,10,15,0,0,genactiv.pl/pages/igf-1-co-to-jest-i-jaka-funkcje-pelni-w-organizmie,informational,tofu,,tak
koci osesek nie chce jeść,10,11,23,0,genactiv.pl/blogs/futrzakopedia/dlaczego-twoj-kot-nie-chce-jesc-przyczyny-skutki-i-sposoby-na-poprawe-apetytu,informational,tofu,tak,tak
f tryptophan działanie,10,13,0,0,genactiv.pl/pages/ltryptofan-i-tryptofan-wlasciwosci-niedobor-dawkowanie,informational,tofu,tak,tak
ile razy dziennie karmić małego psa,10,16,32,1.15,genactiv.pl/blogs/futrzakopedia/ile-razy-dziennie-karmic-psa-jak-czesto-powinien-jesc-pies,informational,tofu,tak,tak
colostrum helicobacter pylori,10,19,31,0.1,genactiv.pl/collections/odpornosc,informational,tofu,tak,tak
colostrum olimp,10,17,18,0,genactiv.pl/collections/colostrum,informational,mofu,,tak
sucha skóra głowy u 10 latka,10,17,24,0,genactiv.pl/blogs/poradnik/najczestsze-problemy-skory-glowy-dziecka-sprawdz-jak-sobie-radzic-z-ciemieniucha-i-podrazniona-skora-glowy,informational,tofu,tak,tak
